Geo. State,Type,Status,Submitted Date,Nominator,LD Summary,Subdivision
UT,O&G Nomination (EOI),Duplicate,2/28/2020,"Six For Six Land Services, Inc.",UT T0240S-R0010W SALT LAKE MER Section: 033, N2
UT,O&G Nomination (EOI),Duplicate,2/28/2020,"Six For Six Land Services, Inc.",UT T0240S-R0020W SALT LAKE MER Section: 001, 1-4
UT,O&G Nomination (EOI),Duplicate,2/28/2020,"Six For Six Land Services, Inc.",UT T0250S-R0010W SALT LAKE MER Section: 001, ALL SUBDIVISIONS
UT,O&G Nomination (EOI),Duplicate,1/22/2020,Prairie Hills Oil and Gas L.L.C.,UT T0260S-R0180E SALT LAKE MER Section: 033, S2 EXCLUDING CANYONLANDS NATIONAL PARK
UT,O&G Nomination (EOI),Duplicate,1/22/2020,Prairie Hills Oil and Gas L.L.C.,UT T0260S-R0180E SALT LAKE MER Section: 033," S2SWNW, S2SENW, S2SWNE, S2SENE"
UT,O&G Nomination (EOI),Duplicate,1/22/2020,Prairie Hills Oil and Gas L.L.C.,UT T0260S-R0180E SALT LAKE MER Section: 035, S2 EXCLUDING NATIONAL PARK
UT,O&G Nomination (EOI),Duplicate,3/2/2020,Nominator,UT T0260S-R0230E SALT LAKE MER Section: 019, S2
UT,O&G Nomination (EOI),Duplicate,3/2/2020,Nominator,UT T0260S-R0230E SALT LAKE MER Section: 021, SE
UT,O&G Nomination (EOI),Duplicate,1/22/2020,"Prairie Hills Oil and Gas, L.L.C.",UT T0270S-R0200E SALT LAKE MER Section: 004, NWSW
UT,O&G Nomination (EOI),Leased,1/20/2020,"Prairie Hills Oil and Gas, L.L.C.",UT T0230S-R0170E SALT LAKE MER Section: 021, W2
UT,O&G Nomination (EOI),Leased,1/22/2020,"Prairie Hills Oil and Gas, L.L.C.",UT T0250S-R0200E SALT LAKE MER Section: 034, SESW
UT,O&G Nomination (EOI),Leased,1/15/2020,Nominator,UT T0290S-R0220E SALT LAKE MER Section: 004, SESE
UT,O&G Nomination (EOI),Pending,2/18/2020,"Turner Petroleum Land Services, Inc.",UT T0090N-R0130W SALT LAKE MER Section: 006, ALL SUBDIVISIONS
UT,O&G Nomination (EOI),Pending,2/18/2020,"Turner Petroleum Land Services, Inc.",UT T0090N-R0130W SALT LAKE MER Section: 018, ALL SUBDIVISIONS
UT,O&G Nomination (EOI),Pending,1/16/2020,"Robert L Bayless, Producer LLC",UT T0090S-R0170E SALT LAKE MER Section: 033, ALL SUBDIVISIONS
UT,O&G Nomination (EOI),Pending,1/16/2020,"Robert L Bayless, Producer LLC",UT T0090S-R0170E SALT LAKE MER Section: 034, ALL SUBDIVISIONS
UT,O&G Nomination (EOI),Pending,1/27/2020,"Robert L. Bayless, Producer LLC",UT T0090S-R0180E SALT LAKE MER Section: 033," N2NE, N2NW"
UT,O&G Nomination (EOI),Pending,2/18/2020,"Turner Petroleum Land Services, Inc.",UT T0100N-R0130W SALT LAKE MER Section: 031, Land within Old Railroad Grade
UT,O&G Nomination (EOI),Pending,3/2/2020,Ram Land Services,UT T0160S-R0020E SALT LAKE MER Section: 013," E2NW, N2SW"
UT,O&G Nomination (EOI),Pending,3/2/2020,Ram Land Services,UT T0160S-R0020E SALT LAKE MER Section: 014, NWNW
UT,O&G Nomination (EOI),Pending,3/2/2020,Ram Land Services,UT T0160S-R0020E SALT LAKE MER Section: 015, 1-7
UT,O&G Nomination (EOI),Pending,3/2/2020,Ram Land Services,UT T0160S-R0020E SALT LAKE MER Section: 015," NENE, S2NE, E2SW, N2SE, SWSE"
UT,O&G Nomination (EOI),Pending,3/2/2020,Ram Land Services,UT T0180S-R0020E SALT LAKE MER Section: 005,4
UT,O&G Nomination (EOI),Pending,3/2/2020,Ram Land Services,UT T0180S-R0020E SALT LAKE MER Section: 005," SWNW, W2SW, SESW, W2SE, SESE"
UT,O&G Nomination (EOI),Pending,3/2/2020,Ram Land Services,UT T0180S-R0020E SALT LAKE MER Section: 006, 1-5
UT,O&G Nomination (EOI),Pending,3/2/2020,Ram Land Services,UT T0180S-R0020E SALT LAKE MER Section: 006," S2NE, SENW"
UT,O&G Nomination (EOI),Pending,2/21/2020,Nominator,UT T0200S-R0010W SALT LAKE MER Section: 004, ALL SUBDIVISIONS
UT,O&G Nomination (EOI),Pending,2/21/2020,Nominator,UT T0200S-R0010W SALT LAKE MER Section: 005, ALL SUBDIVISIONS
UT,O&G Nomination (EOI),Pending,2/21/2020,Nominator,UT T0200S-R0010W SALT LAKE MER Section: 008, ALL SUBDIVISIONS
UT,O&G Nomination (EOI),Pending,2/21/2020,Nominator,UT T0200S-R0010W SALT LAKE MER Section: 009, ALL SUBDIVISIONS
UT,O&G Nomination (EOI),Pending,2/21/2020,Nominator,UT T0200S-R0010W SALT LAKE MER Section: 017," NE, NENW, S2NW, S2"
UT,O&G Nomination (EOI),Pending,2/27/2020,Nominator,UT T0220S-R0010W SALT LAKE MER Section: 024," 11-21, 24-48"
UT,O&G Nomination (EOI),Pending,2/27/2020,Nominator,UT T0220S-R0010W SALT LAKE MER Section: 025," 5-7, 9-25"
UT,O&G Nomination (EOI),Pending,2/27/2020,Nominator,UT T0220S-R0020W SALT LAKE MER Section: 001, 1-14
UT,O&G Nomination (EOI),Pending,2/27/2020,Nominator,UT T0220S-R0020W SALT LAKE MER Section: 001, W2SE
UT,O&G Nomination (EOI),Pending,2/27/2020,Nominator,UT T0220S-R0020W SALT LAKE MER Section: 003," 1, 2, 8"
UT,O&G Nomination (EOI),Pending,2/27/2020,Nominator,UT T0220S-R0020W SALT LAKE MER Section: 011," N2NE, SWNE, W2, SE2"
UT,O&G Nomination (EOI),Pending,2/27/2020,Nominator,UT T0220S-R0020W SALT LAKE MER Section: 012, ALL SUBDIVISIONS
UT,O&G Nomination (EOI),Pending,2/27/2020,Nominator,UT T0220S-R0020W SALT LAKE MER Section: 013," 1, 2"
UT,O&G Nomination (EOI),Pending,2/27/2020,Nominator,UT T0220S-R0020W SALT LAKE MER Section: 013, S2NW
UT,O&G Nomination (EOI),Pending,2/27/2020,Nominator,UT T0220S-R0020W SALT LAKE MER Section: 014," N2, SW, W2SE"
UT,O&G Nomination (EOI),Pending,2/27/2020,Nominator,UT T0220S-R0020W SALT LAKE MER Section: 015, SE
UT,O&G Nomination (EOI),Pending,2/27/2020,Nominator,UT T0220S-R0020W SALT LAKE MER Section: 022, ALL SUBDIVISIONS
UT,O&G Nomination (EOI),Pending,2/27/2020,Nominator,UT T0220S-R0020W SALT LAKE MER Section: 023," W2NE, SENE, W2, SE"
UT,O&G Nomination (EOI),Pending,2/27/2020,Nominator,UT T0220S-R0020W SALT LAKE MER Section: 024," SWNW, NWSW"
UT,O&G Nomination (EOI),Pending,2/27/2020,Nominator,UT T0220S-R0020W SALT LAKE MER Section: 026, N2NE
UT,O&G Nomination (EOI),Pending,2/27/2020,Nominator,UT T0220S-R0020W SALT LAKE MER Section: 027," NWNE, N2NW"
UT,O&G Nomination (EOI),Pending,2/27/2020,Nominator,UT T0220S-R0020W SALT LAKE MER Section: 027, SWSW
UT,O&G Nomination (EOI),Pending,2/27/2020,Nominator,UT T0220S-R0020W SALT LAKE MER Section: 028, S2
UT,O&G Nomination (EOI),Pending,2/27/2020,Nominator,UT T0220S-R0020W SALT LAKE MER Section: 033," N2, SW, N2SE, SWSE"
UT,O&G Nomination (EOI),Pending,2/27/2020,Nominator,UT T0220S-R0020W SALT LAKE MER Section: 034, N2NW
UT,O&G Nomination (EOI),Pending,2/23/2020,Uinta Metal Development Corp.,UT T0220S-R0050E SALT LAKE MER Section: 024," S2SW, S2SE"
UT,O&G Nomination (EOI),Pending,2/23/2020,Uinta Metal Development Corp.,UT T0220S-R0050E SALT LAKE MER Section: 025," W2, W2SE"
UT,O&G Nomination (EOI),Pending,2/23/2020,Uinta Metal Development Corp.,UT T0220S-R0060E SALT LAKE MER Section: 018, SWSE
UT,O&G Nomination (EOI),Pending,2/23/2020,Uinta Metal Development Corp.,UT T0220S-R0060E SALT LAKE MER Section: 019," W2NE, NWSE"
UT,O&G Nomination (EOI),Pending,2/28/2020,"Six For Six Land Services, Inc.",UT T0230S-R0010W SALT LAKE MER Section: 001," 1-8, 11, 12"
UT,O&G Nomination (EOI),Pending,2/28/2020,"Six For Six Land Services, Inc.",UT T0230S-R0010W SALT LAKE MER Section: 014, SW
UT,O&G Nomination (EOI),Pending,2/28/2020,"Six For Six Land Services, Inc.",UT T0230S-R0010W SALT LAKE MER Section: 023, W2
UT,O&G Nomination (EOI),Pending,2/28/2020,"Six For Six Land Services, Inc.",UT T0230S-R0010W SALT LAKE MER Section: 026," W2, SE"
UT,O&G Nomination (EOI),Pending,2/28/2020,"Six For Six Land Services, Inc.",UT T0230S-R0010W SALT LAKE MER Section: 035, N2
UT,O&G Nomination (EOI),Pending,2/23/2020,Uinta Metal Development Corp.,UT T0230S-R0060E SALT LAKE MER Section: 004," 3, 4"
UT,O&G Nomination (EOI),Pending,2/23/2020,Uinta Metal Development Corp.,UT T0230S-R0060E SALT LAKE MER Section: 004," S2NW, SW"
UT,O&G Nomination (EOI),Pending,2/23/2020,Uinta Metal Development Corp.,UT T0230S-R0060E SALT LAKE MER Section: 005, 1-3
UT,O&G Nomination (EOI),Pending,2/23/2020,Uinta Metal Development Corp.,UT T0230S-R0060E SALT LAKE MER Section: 005," S2NE, S2NW, S2"
UT,O&G Nomination (EOI),Pending,2/23/2020,Uinta Metal Development Corp.,UT T0230S-R0060E SALT LAKE MER Section: 006," 6, 7"
UT,O&G Nomination (EOI),Pending,2/23/2020,Uinta Metal Development Corp.,UT T0230S-R0060E SALT LAKE MER Section: 006," S2NE, E2SW, SE"
UT,O&G Nomination (EOI),Pending,2/23/2020,Uinta Metal Development Corp.,UT T0230S-R0060E SALT LAKE MER Section: 007, 1-4
UT,O&G Nomination (EOI),Pending,2/23/2020,Uinta Metal Development Corp.,UT T0230S-R0060E SALT LAKE MER Section: 007," NE, E2NW, E2SW"
UT,O&G Nomination (EOI),Pending,2/23/2020,Uinta Metal Development Corp.,UT T0230S-R0060E SALT LAKE MER Section: 008, E2
UT,O&G Nomination (EOI),Pending,2/23/2020,Uinta Metal Development Corp.,UT T0230S-R0060E SALT LAKE MER Section: 009, ALL SUBDIVISIONS
UT,O&G Nomination (EOI),Pending,2/23/2020,Uinta Metal Development Corp.,UT T0230S-R0060E SALT LAKE MER Section: 010, ALL SUBDIVISIONS
UT,O&G Nomination (EOI),Pending,1/20/2020,"Prairie Hills Oil and Gas, L.L.C.",UT T0230S-R0170E SALT LAKE MER Section: 013, ALL SUBDIVISIONS
UT,O&G Nomination (EOI),Pending,1/20/2020,"Prairie Hills Oil and Gas, L.L.C.",UT T0230S-R0170E SALT LAKE MER Section: 014, 1-2
UT,O&G Nomination (EOI),Pending,1/20/2020,"Prairie Hills Oil and Gas, L.L.C.",UT T0230S-R0170E SALT LAKE MER Section: 014," NE, E2NW, SW"
UT,O&G Nomination (EOI),Pending,1/20/2020,"Prairie Hills Oil and Gas, L.L.C.",UT T0230S-R0170E SALT LAKE MER Section: 015," 1-3, 5"
UT,O&G Nomination (EOI),Pending,1/20/2020,"Prairie Hills Oil and Gas, L.L.C.",UT T0230S-R0170E SALT LAKE MER Section: 015," SENW, S2"
UT,O&G Nomination (EOI),Pending,1/20/2020,"Prairie Hills Oil and Gas, L.L.C.",UT T0230S-R0170E SALT LAKE MER Section: 021, E2
UT,O&G Nomination (EOI),Pending,1/20/2020,"Prairie Hills Oil and Gas, L.L.C.",UT T0230S-R0170E SALT LAKE MER Section: 022, ALL SUBDIVISIONS
UT,O&G Nomination (EOI),Pending,1/20/2020,"Prairie Hills Oil and Gas, L.L.C.",UT T0230S-R0170E SALT LAKE MER Section: 023,1
UT,O&G Nomination (EOI),Pending,1/20/2020,"Prairie Hills Oil and Gas, L.L.C.",UT T0230S-R0170E SALT LAKE MER Section: 023," N2, SW, N2SE, SWSE"
UT,O&G Nomination (EOI),Pending,1/20/2020,"Prairie Hills Oil and Gas, L.L.C.",UT T0230S-R0170E SALT LAKE MER Section: 024," NE, NENW, S2NW, S2"
UT,O&G Nomination (EOI),Pending,1/20/2020,"Prairie Hills Oil and Gas, L.L.C.",UT T0230S-R0170E SALT LAKE MER Section: 027," N2, NWSW, S2SW, SE"
UT,O&G Nomination (EOI),Pending,1/20/2020,"Prairie Hills Oil and Gas, L.L.C.",UT T0230S-R0170E SALT LAKE MER Section: 028, ALL SUBDIVISIONS
UT,O&G Nomination (EOI),Pending,1/20/2020,"Prairie Hills Oil and Gas, L.L.C.",UT T0230S-R0170E SALT LAKE MER Section: 033, ALL SUBDIVISIONS
UT,O&G Nomination (EOI),Pending,1/20/2020,"Prairie Hills Oil and Gas, L.L.C.",UT T0230S-R0170E SALT LAKE MER Section: 034, ALL SUBDIVISIONS
UT,O&G Nomination (EOI),Pending,1/20/2020,"Prairie Hills Oil and Gas, L.L.C.",UT T0230S-R0180E SALT LAKE MER Section: 007, ALL SUBDIVISIONS
UT,O&G Nomination (EOI),Pending,1/20/2020,"Prairie Hills Oil and Gas, L.L.C.",UT T0230S-R0180E SALT LAKE MER Section: 008, ALL SUBDIVISIONS
UT,O&G Nomination (EOI),Pending,1/20/2020,"Prairie Hills Oil and Gas, L.L.C.",UT T0230S-R0180E SALT LAKE MER Section: 009, ALL SUBDIVISIONS
UT,O&G Nomination (EOI),Pending,1/20/2020,"Prairie Hills Oil and Gas, L.L.C.",UT T0230S-R0180E SALT LAKE MER Section: 010, ALL SUBDIVISIONS
UT,O&G Nomination (EOI),Pending,1/20/2020,"Prairie Hills Oil and Gas, L.L.C.",UT T0230S-R0180E SALT LAKE MER Section: 011, ALL SUBDIVISIONS
UT,O&G Nomination (EOI),Pending,1/20/2020,"Prairie Hills Oil and Gas, L.L.C.",UT T0230S-R0180E SALT LAKE MER Section: 012, ALL SUBDIVISIONS
UT,O&G Nomination (EOI),Pending,1/20/2020,"Prairie Hills Oil and Gas, L.L.C.",UT T0230S-R0180E SALT LAKE MER Section: 013, ALL SUBDIVISIONS
UT,O&G Nomination (EOI),Pending,1/20/2020,"Prairie Hills Oil and Gas, L.L.C.",UT T0230S-R0180E SALT LAKE MER Section: 014, ALL SUBDIVISIONS
UT,O&G Nomination (EOI),Pending,1/20/2020,"Prairie Hills Oil and Gas, L.L.C.",UT T0230S-R0180E SALT LAKE MER Section: 015, ALL SUBDIVISIONS
UT,O&G Nomination (EOI),Pending,1/20/2020,"Prairie Hills Oil and Gas, L.L.C.",UT T0230S-R0180E SALT LAKE MER Section: 017, ALL SUBDIVISIONS
UT,O&G Nomination (EOI),Pending,1/20/2020,"Prairie Hills Oil and Gas, L.L.C.",UT T0230S-R0180E SALT LAKE MER Section: 018, ALL SUBDIVISIONS
UT,O&G Nomination (EOI),Pending,1/20/2020,"Prairie Hills Oil and Gas, L.L.C.",UT T0230S-R0180E SALT LAKE MER Section: 019, ALL SUBDIVISIONS
UT,O&G Nomination (EOI),Pending,1/20/2020,"Prairie Hills Oil and Gas, L.L.C.",UT T0230S-R0180E SALT LAKE MER Section: 020, ALL SUBDIVISIONS
UT,O&G Nomination (EOI),Pending,1/20/2020,"Prairie Hills Oil and Gas, L.L.C.",UT T0230S-R0180E SALT LAKE MER Section: 021, ALL SUBDIVISIONS
UT,O&G Nomination (EOI),Pending,1/20/2020,"Prairie Hills Oil and Gas, L.L.C.",UT T0230S-R0180E SALT LAKE MER Section: 022, ALL SUBDIVISIONS
UT,O&G Nomination (EOI),Pending,1/20/2020,"Prairie Hills Oil and Gas, L.L.C.",UT T0230S-R0180E SALT LAKE MER Section: 023, ALL SUBDIVISIONS
UT,O&G Nomination (EOI),Pending,1/20/2020,"Prairie Hills Oil and Gas, L.L.C.",UT T0230S-R0180E SALT LAKE MER Section: 024, ALL SUBDIVISIONS
UT,O&G Nomination (EOI),Pending,1/20/2020,"Prairie Hills Oil and Gas, L.L.C.",UT T0230S-R0180E SALT LAKE MER Section: 025, ALL SUBDIVISIONS
UT,O&G Nomination (EOI),Pending,1/20/2020,"Prairie Hills Oil and Gas, L.L.C.",UT T0230S-R0180E SALT LAKE MER Section: 026, ALL SUBDIVISIONS
UT,O&G Nomination (EOI),Pending,1/20/2020,"Prairie Hills Oil and Gas, L.L.C.",UT T0230S-R0180E SALT LAKE MER Section: 027, ALL SUBDIVISIONS
UT,O&G Nomination (EOI),Pending,1/20/2020,"Prairie Hills Oil and Gas, L.L.C.",UT T0230S-R0180E SALT LAKE MER Section: 028, ALL SUBDIVISIONS
UT,O&G Nomination (EOI),Pending,1/20/2020,"Prairie Hills Oil and Gas, L.L.C.",UT T0230S-R0180E SALT LAKE MER Section: 029, ALL SUBDIVISIONS
UT,O&G Nomination (EOI),Pending,1/20/2020,"Prairie Hills Oil and Gas, L.L.C.",UT T0230S-R0180E SALT LAKE MER Section: 030, ALL SUBDIVISIONS
UT,O&G Nomination (EOI),Pending,1/20/2020,"Prairie Hills Oil and Gas, L.L.C.",UT T0230S-R0180E SALT LAKE MER Section: 031, ALL SUBDIVISIONS
UT,O&G Nomination (EOI),Pending,1/20/2020,"Prairie Hills Oil and Gas, L.L.C.",UT T0230S-R0180E SALT LAKE MER Section: 033, ALL SUBDIVISIONS
UT,O&G Nomination (EOI),Pending,1/20/2020,"Prairie Hills Oil and Gas, L.L.C.",UT T0230S-R0180E SALT LAKE MER Section: 034, ALL SUBDIVISIONS
UT,O&G Nomination (EOI),Pending,1/20/2020,"Prairie Hills Oil and Gas, L.L.C.",UT T0230S-R0180E SALT LAKE MER Section: 035, ALL SUBDIVISIONS
UT,O&G Nomination (EOI),Pending,1/20/2020,"Prairie Hills Oil and Gas, L.L.C.",UT T0230S-R0190E SALT LAKE MER Section: 007, ALL SUBDIVISIONS
UT,O&G Nomination (EOI),Pending,1/20/2020,"Prairie Hills Oil and Gas, L.L.C.",UT T0230S-R0190E SALT LAKE MER Section: 018, ALL SUBDIVISIONS
UT,O&G Nomination (EOI),Pending,1/20/2020,"Prairie Hills Oil and Gas, L.L.C.",UT T0230S-R0190E SALT LAKE MER Section: 019, ALL SUBDIVISIONS
UT,O&G Nomination (EOI),Pending,1/20/2020,"Prairie Hills Oil and Gas, L.L.C.",UT T0230S-R0190E SALT LAKE MER Section: 020, ALL SUBDIVISIONS
UT,O&G Nomination (EOI),Pending,1/20/2020,"Prairie Hills Oil and Gas, L.L.C.",UT T0230S-R0190E SALT LAKE MER Section: 028, ALL SUBDIVISIONS
UT,O&G Nomination (EOI),Pending,1/20/2020,"Prairie Hills Oil and Gas, L.L.C.",UT T0230S-R0190E SALT LAKE MER Section: 029, ALL SUBDIVISIONS
UT,O&G Nomination (EOI),Pending,1/20/2020,"Prairie Hills Oil and Gas, L.L.C.",UT T0230S-R0190E SALT LAKE MER Section: 030, ALL SUBDIVISIONS
UT,O&G Nomination (EOI),Pending,1/20/2020,"Prairie Hills Oil and Gas, L.L.C.",UT T0230S-R0190E SALT LAKE MER Section: 031, 1-12
UT,O&G Nomination (EOI),Pending,1/20/2020,"Prairie Hills Oil and Gas, L.L.C.",UT T0230S-R0190E SALT LAKE MER Section: 033, ALL SUBDIVISIONS
UT,O&G Nomination (EOI),Pending,1/20/2020,"Prairie Hills Oil and Gas, L.L.C.",UT T0230S-R0190E SALT LAKE MER Section: 034, ALL SUBDIVISIONS
UT,O&G Nomination (EOI),Pending,2/27/2020,"Hoover & Stacy, Inc.",UT T0240S-R0010W SALT LAKE MER Section: 004, ALL SUBDIVISIONS
UT,O&G Nomination (EOI),Pending,2/27/2020,"Hoover & Stacy, Inc.",UT T0240S-R0010W SALT LAKE MER Section: 005, ALL SUBDIVISIONS
UT,O&G Nomination (EOI),Pending,2/27/2020,"Hoover & Stacy, Inc.",UT T0240S-R0010W SALT LAKE MER Section: 006, ALL SUBDIVISIONS
UT,O&G Nomination (EOI),Pending,2/27/2020,"Hoover & Stacy, Inc.",UT T0240S-R0010W SALT LAKE MER Section: 007, ALL SUBDIVISIONS
UT,O&G Nomination (EOI),Pending,2/27/2020,"Hoover & Stacy, Inc.",UT T0240S-R0010W SALT LAKE MER Section: 008, ALL SUBDIVISIONS
UT,O&G Nomination (EOI),Pending,2/27/2020,"Hoover & Stacy, Inc.",UT T0240S-R0010W SALT LAKE MER Section: 009," W2NE, SENE, W2, SE"
UT,O&G Nomination (EOI),Pending,2/27/2020,"Hoover & Stacy, Inc.",UT T0240S-R0010W SALT LAKE MER Section: 017, ALL SUBDIVISIONS
UT,O&G Nomination (EOI),Pending,2/27/2020,"Hoover & Stacy, Inc.",UT T0240S-R0010W SALT LAKE MER Section: 018, ALL SUBDIVISIONS
UT,O&G Nomination (EOI),Pending,2/28/2020,"Six For Six Land Service, Inc.",UT T0240S-R0010W SALT LAKE MER Section: 020, ALL SUBDIVISIONS
UT,O&G Nomination (EOI),Pending,2/28/2020,"Six For Six Land Service, Inc.",UT T0240S-R0010W SALT LAKE MER Section: 021, ALL SUBDIVISIONS
UT,O&G Nomination (EOI),Pending,2/28/2020,"Six For Six Land Service, Inc.",UT T0240S-R0010W SALT LAKE MER Section: 028, ALL SUBDIVISIONS
UT,O&G Nomination (EOI),Pending,2/28/2020,"Six For Six Land Service, Inc.",UT T0240S-R0010W SALT LAKE MER Section: 029, ALL SUBDIVISIONS
UT,O&G Nomination (EOI),Pending,2/28/2020,"Six For Six Land Services, Inc.",UT T0240S-R0010W SALT LAKE MER Section: 033, ALL SUBDIVISIONS
UT,O&G Nomination (EOI),Pending,2/28/2020,"Six For Six Land Services, Inc.",UT T0240S-R0020W SALT LAKE MER Section: 001, ALL SUBDIVISIONS
UT,O&G Nomination (EOI),Pending,2/28/2020,"Six For Six Land Services, Inc.",UT T0240S-R0020W SALT LAKE MER Section: 012, ALL SUBDIVISIONS
UT,O&G Nomination (EOI),Pending,2/28/2020,"Six For Six Land Services, Inc.",UT T0240S-R0020W SALT LAKE MER Section: 013, ALL SUBDIVISIONS
UT,O&G Nomination (EOI),Pending,2/28/2020,"Six For Six Land Services, Inc.",UT T0240S-R0020W SALT LAKE MER Section: 019," 3, 4"
UT,O&G Nomination (EOI),Pending,2/28/2020,"Six For Six Land Services, Inc.",UT T0240S-R0020W SALT LAKE MER Section: 019," SENE, E2SW, SE"
UT,O&G Nomination (EOI),Pending,2/28/2020,"Six For Six Land Services, Inc.",UT T0240S-R0020W SALT LAKE MER Section: 020," NE, NWNE, S2NW, S2"
UT,O&G Nomination (EOI),Pending,2/28/2020,"Six For Six Land Services, Inc.",UT T0240S-R0020W SALT LAKE MER Section: 021," 1-3, 5-8"
UT,O&G Nomination (EOI),Pending,2/28/2020,"Six For Six Land Services, Inc.",UT T0240S-R0020W SALT LAKE MER Section: 021, W2
UT,O&G Nomination (EOI),Pending,2/28/2020,"Six For Six Land Services, Inc.",UT T0240S-R0020W SALT LAKE MER Section: 029, 1-6
UT,O&G Nomination (EOI),Pending,2/28/2020,"Six For Six Land Services, Inc.",UT T0240S-R0020W SALT LAKE MER Section: 029," NWNE, NW, S2SE"
UT,O&G Nomination (EOI),Pending,2/28/2020,"Six For Six Land Services, Inc.",UT T0240S-R0020W SALT LAKE MER Section: 030, 1-4
UT,O&G Nomination (EOI),Pending,2/28/2020,"Six For Six Land Services, Inc.",UT T0240S-R0020W SALT LAKE MER Section: 030," NE, E2NW, E2SW, N2SE, SWSE"
UT,O&G Nomination (EOI),Pending,3/2/2020,Ram Land Services,UT T0240S-R0030W SALT LAKE MER Section: 025," NE, E2NW, S2"
UT,O&G Nomination (EOI),Pending,3/2/2020,Ram Land Services,UT T0240S-R0030W SALT LAKE MER Section: 026, SESE
UT,O&G Nomination (EOI),Pending,3/2/2020,Ram Land Services,UT T0240S-R0030W SALT LAKE MER Section: 035," E2NE, NESE, S2SE"
UT,O&G Nomination (EOI),Pending,1/20/2020,"Prairie Hills Oil and Gas, L.L.C.",UT T0240S-R0170E SALT LAKE MER Section: 001, ALL SUBDIVISIONS
UT,O&G Nomination (EOI),Pending,1/20/2020,"Prairie Hills Oil and Gas, L.L.C.",UT T0240S-R0170E SALT LAKE MER Section: 012," N2, SE"
UT,O&G Nomination (EOI),Pending,1/20/2020,"Prairie Hills Oil and Gas, L.L.C.",UT T0240S-R0170E SALT LAKE MER Section: 018,4
UT,O&G Nomination (EOI),Pending,1/20/2020,"Prairie Hills Oil and Gas, L.L.C.",UT T0240S-R0170E SALT LAKE MER Section: 018, SESW
UT,O&G Nomination (EOI),Pending,1/22/2020,"Prairie Hills Oil and Gas, L.L.C.",UT T0240S-R0180E SALT LAKE MER Section: 001," 3, 4"
UT,O&G Nomination (EOI),Pending,1/22/2020,"Prairie Hills Oil and Gas, L.L.C.",UT T0240S-R0180E SALT LAKE MER Section: 001," S2NW, SW"
UT,O&G Nomination (EOI),Pending,1/22/2020,"Prairie Hills Oil and Gas, L.L.C.",UT T0240S-R0180E SALT LAKE MER Section: 003, ALL SUBDIVISIONS
UT,O&G Nomination (EOI),Pending,1/22/2020,"Prairie Hills Oil and Gas, L.L.C.",UT T0240S-R0180E SALT LAKE MER Section: 004, ALL SUBDIVISIONS
UT,O&G Nomination (EOI),Pending,1/22/2020,"Prairie Hills Oil and Gas, L.L.C.",UT T0240S-R0180E SALT LAKE MER Section: 005, ALL SUBDIVISIONS
UT,O&G Nomination (EOI),Pending,1/22/2020,"Prairie Hills Oil and Gas, L.L.C.",UT T0240S-R0180E SALT LAKE MER Section: 006, ALL SUBDIVISIONS
UT,O&G Nomination (EOI),Pending,1/22/2020,"Prairie Hills Oil and Gas, L.L.C.",UT T0240S-R0180E SALT LAKE MER Section: 007, ALL SUBDIVISIONS
UT,O&G Nomination (EOI),Pending,1/22/2020,"Prairie Hills Oil and Gas, L.L.C.",UT T0240S-R0180E SALT LAKE MER Section: 008, ALL SUBDIVISIONS
UT,O&G Nomination (EOI),Pending,1/22/2020,"Prairie Hills Oil and Gas, L.L.C.",UT T0240S-R0180E SALT LAKE MER Section: 009, ALL SUBDIVISIONS
UT,O&G Nomination (EOI),Pending,1/22/2020,"Prairie Hills Oil and Gas, L.L.C.",UT T0240S-R0180E SALT LAKE MER Section: 010, W2
UT,O&G Nomination (EOI),Pending,1/22/2020,"Prairie Hills Oil and Gas, L.L.C.",UT T0240S-R0180E SALT LAKE MER Section: 015, W2
UT,O&G Nomination (EOI),Pending,1/22/2020,"Prairie Hills Oil and Gas, L.L.C.",UT T0240S-R0180E SALT LAKE MER Section: 017, ALL SUBDIVISIONS
UT,O&G Nomination (EOI),Pending,1/22/2020,"Prairie Hills Oil and Gas, L.L.C.",UT T0240S-R0180E SALT LAKE MER Section: 018," 1, 2"
UT,O&G Nomination (EOI),Pending,1/22/2020,"Prairie Hills Oil and Gas, L.L.C.",UT T0240S-R0180E SALT LAKE MER Section: 018," E2, E2NW"
UT,O&G Nomination (EOI),Pending,1/22/2020,"Prairie Hills Oil and Gas, L.L.C.",UT T0240S-R0180E SALT LAKE MER Section: 022, W2
UT,O&G Nomination (EOI),Pending,1/22/2020,"Prairie Hills Oil and Gas, L.L.C.",UT T0240S-R0180E SALT LAKE MER Section: 034, S2
UT,O&G Nomination (EOI),Pending,1/20/2020,"Prairie Hills Oil and Gas, L.L.C.",UT T0240S-R0190E SALT LAKE MER Section: 003," 1, 2"
UT,O&G Nomination (EOI),Pending,1/20/2020,"Prairie Hills Oil and Gas, L.L.C.",UT T0240S-R0190E SALT LAKE MER Section: 003," S2NE, SE"
UT,O&G Nomination (EOI),Pending,1/20/2020,"Prairie Hills Oil and Gas, L.L.C.",UT T0240S-R0190E SALT LAKE MER Section: 010, E2
UT,O&G Nomination (EOI),Pending,1/20/2020,"Prairie Hills Oil and Gas, L.L.C.",UT T0240S-R0190E SALT LAKE MER Section: 011, ALL SUBDIVISIONS
UT,O&G Nomination (EOI),Pending,1/20/2020,"Prairie Hills Oil and Gas, L.L.C.",UT T0240S-R0190E SALT LAKE MER Section: 012, ALL SUBDIVISIONS
UT,O&G Nomination (EOI),Pending,1/20/2020,"Prairie Hills Oil and Gas, L.L.C.",UT T0240S-R0190E SALT LAKE MER Section: 013, ALL SUBDIVISIONS
UT,O&G Nomination (EOI),Pending,1/20/2020,"Prairie Hills Oil and Gas, L.L.C.",UT T0240S-R0190E SALT LAKE MER Section: 024, N2
UT,O&G Nomination (EOI),Pending,1/21/2020,"Prairie Hills Oil and Gas, L.L.C.",UT T0240S-R0200E SALT LAKE MER Section: 018, ALL SUBDIVISIONS
UT,O&G Nomination (EOI),Pending,1/21/2020,"Prairie Hills Oil and Gas, L.L.C.",UT T0240S-R0200E SALT LAKE MER Section: 019, ALL SUBDIVISIONS
UT,O&G Nomination (EOI),Pending,1/21/2020,"Prairie Hills Oil and Gas, L.L.C.",UT T0240S-R0200E SALT LAKE MER Section: 020, ALL SUBDIVISIONS
UT,O&G Nomination (EOI),Pending,1/21/2020,"Prairie Hills Oil and Gas, L.L.C.",UT T0240S-R0200E SALT LAKE MER Section: 029, ALL SUBDIVISIONS
UT,O&G Nomination (EOI),Pending,1/21/2020,"Prairie Hills Oil and Gas, L.L.C.",UT T0240S-R0200E SALT LAKE MER Section: 030, ALL SUBDIVISIONS
UT,O&G Nomination (EOI),Pending,1/21/2020,"Prairie Hills Oil and Gas, L.L.C.",UT T0240S-R0200E SALT LAKE MER Section: 031, ALL SUBDIVISIONS
UT,O&G Nomination (EOI),Pending,2/28/2020,"Six For Six Land Services, Inc.",UT T0250S-R0010W SALT LAKE MER Section: 001, 1-4
UT,O&G Nomination (EOI),Pending,2/28/2020,"Six For Six Land Services, Inc.",UT T0250S-R0010W SALT LAKE MER Section: 001," S2NE, S2NW, W2SW, SESW, SE"
UT,O&G Nomination (EOI),Pending,2/28/2020,"Six For Six Land Services, Inc.",UT T0250S-R0010W SALT LAKE MER Section: 003," 1-3, 5"
UT,O&G Nomination (EOI),Pending,2/28/2020,"Six For Six Land Services, Inc.",UT T0250S-R0010W SALT LAKE MER Section: 003," S2NE, S2NW, N2SW, SESW, N2SE"
UT,O&G Nomination (EOI),Pending,2/28/2020,"Six For Six Land Services, Inc.",UT T0250S-R0010W SALT LAKE MER Section: 004, 1-3
UT,O&G Nomination (EOI),Pending,2/28/2020,"Six For Six Land Services, Inc.",UT T0250S-R0010W SALT LAKE MER Section: 004," S2NE, SENW, W2SW, SESW, N2SE, SESE"
UT,O&G Nomination (EOI),Pending,2/28/2020,"Six For Six Land Services, Inc.",UT T0250S-R0010W SALT LAKE MER Section: 009, E2
UT,O&G Nomination (EOI),Pending,2/28/2020,"Six For Six Land Services, Inc.",UT T0250S-R0010W SALT LAKE MER Section: 010," NE, N2SW, SWSW"
UT,O&G Nomination (EOI),Pending,2/28/2020,"Six For Six Land Services, Inc.",UT T0250S-R0010W SALT LAKE MER Section: 011, 1-6
UT,O&G Nomination (EOI),Pending,2/28/2020,"Six For Six Land Services, Inc.",UT T0250S-R0010W SALT LAKE MER Section: 012," NENE, S2NE, W2, NESE, S2SE"
UT,O&G Nomination (EOI),Pending,2/28/2020,"Six For Six Land Services, Inc.",UT T0250S-R0010W SALT LAKE MER Section: 013," N2NE, SENE, NW, N2SW, SWSW, SE"
UT,O&G Nomination (EOI),Pending,2/28/2020,"Six For Six Land Services, Inc.",UT T0250S-R0010W SALT LAKE MER Section: 014," W2NE, SENE, W2, NESE, S2SW"
UT,O&G Nomination (EOI),Pending,2/28/2020,"Six For Six Land Services, Inc.",UT T0250S-R0010W SALT LAKE MER Section: 015, S2SE
UT,O&G Nomination (EOI),Pending,2/28/2020,"Six For Six Land Services, Inc.",UT T0250S-R0010W SALT LAKE MER Section: 015," W2NW, W2SW"
UT,O&G Nomination (EOI),Pending,2/28/2020,"Six For Six Land Services, Inc.",UT T0250S-R0010W SALT LAKE MER Section: 022," 1, 2"
UT,O&G Nomination (EOI),Pending,2/28/2020,"Six For Six Land Services, Inc.",UT T0250S-R0010W SALT LAKE MER Section: 022," E2, SESW"
UT,O&G Nomination (EOI),Pending,2/28/2020,"Six For Six Land Services, Inc.",UT T0250S-R0010W SALT LAKE MER Section: 023," N2NE, SWNE, W2NW, SENW, N2SW, SWSW, SE"
UT,O&G Nomination (EOI),Pending,2/28/2020,"Six For Six Land Services, Inc.",UT T0250S-R0010W SALT LAKE MER Section: 024," N2NE, SWNE, W2, W2SE"
UT,O&G Nomination (EOI),Pending,2/28/2020,Nominator,UT T0250S-R0010W SALT LAKE MER Section: 025," W2NE, W2, W2SE"
UT,O&G Nomination (EOI),Pending,2/28/2020,Nominator,UT T0250S-R0010W SALT LAKE MER Section: 026," NENE, S2NE, N2NW, SWNW, E2SW, SE"
UT,O&G Nomination (EOI),Pending,2/28/2020,Nominator,UT T0250S-R0010W SALT LAKE MER Section: 035," NE, NENW, S2NW, SW, NESE, NWSE EXCEPTING SS4, W2SWSE, SESWSE, E2SESE"
UT,O&G Nomination (EOI),Pending,3/2/2020,Ram Land Services,UT T0250S-R0030W SALT LAKE MER Section: 001, ALL SUBDIVISIONS
UT,O&G Nomination (EOI),Pending,3/2/2020,Ram Land Services,UT T0250S-R0030W SALT LAKE MER Section: 011, 1-4
UT,O&G Nomination (EOI),Pending,3/2/2020,Ram Land Services,UT T0250S-R0030W SALT LAKE MER Section: 011," N2, W2SW, SESW"
UT,O&G Nomination (EOI),Pending,1/22/2020,"Prairie Hills Oil and Gas, L.L.C.",UT T0250S-R0172E SALT LAKE MER Section: 013," SW, SWSE"
UT,O&G Nomination (EOI),Pending,1/22/2020,Prairie Hills Oil and Gas L.L.C.,UT T0250S-R0180E SALT LAKE MER Section: 017, ALL SUBDIVISIONS
UT,O&G Nomination (EOI),Pending,1/22/2020,Prairie Hills Oil and Gas L.L.C.,UT T0250S-R0180E SALT LAKE MER Section: 018, ALL SUBDIVISIONS
UT,O&G Nomination (EOI),Pending,1/22/2020,Prairie Hills Oil and Gas L.L.C.,UT T0250S-R0180E SALT LAKE MER Section: 019, ALL SUBDIVISIONS
UT,O&G Nomination (EOI),Pending,1/22/2020,Prairie Hills Oil and Gas L.L.C.,UT T0250S-R0180E SALT LAKE MER Section: 020, ALL SUBDIVISIONS
UT,O&G Nomination (EOI),Pending,1/22/2020,Prairie Hills Oil and Gas L.L.C.,UT T0250S-R0180E SALT LAKE MER Section: 025, ALL SUBDIVISIONS
UT,O&G Nomination (EOI),Pending,1/22/2020,Prairie Hills Oil and Gas L.L.C.,UT T0250S-R0180E SALT LAKE MER Section: 026, ALL SUBDIVISIONS
UT,O&G Nomination (EOI),Pending,1/22/2020,Prairie Hills Oil and Gas L.L.C.,UT T0250S-R0180E SALT LAKE MER Section: 027, ALL SUBDIVISIONS
UT,O&G Nomination (EOI),Pending,1/22/2020,Prairie Hills Oil and Gas L.L.C.,UT T0250S-R0180E SALT LAKE MER Section: 028, ALL SUBDIVISIONS
UT,O&G Nomination (EOI),Pending,1/22/2020,Prairie Hills Oil and Gas L.L.C.,UT T0250S-R0180E SALT LAKE MER Section: 029, ALL SUBDIVISIONS
UT,O&G Nomination (EOI),Pending,1/22/2020,Prairie Hills Oil and Gas L.L.C.,UT T0250S-R0180E SALT LAKE MER Section: 030, ALL SUBDIVISIONS
UT,O&G Nomination (EOI),Pending,1/22/2020,Prairie Hills Oil and Gas L.L.C.,UT T0250S-R0180E SALT LAKE MER Section: 031, ALL SUBDIVISIONS
UT,O&G Nomination (EOI),Pending,1/22/2020,Prairie Hills Oil and Gas L.L.C.,UT T0250S-R0180E SALT LAKE MER Section: 032, S2SW
UT,O&G Nomination (EOI),Pending,1/22/2020,Prairie Hills Oil and Gas L.L.C.,UT T0250S-R0180E SALT LAKE MER Section: 033, ALL SUBDIVISIONS
UT,O&G Nomination (EOI),Pending,1/22/2020,Prairie Hills Oil and Gas L.L.C.,UT T0250S-R0180E SALT LAKE MER Section: 034, ALL SUBDIVISIONS
UT,O&G Nomination (EOI),Pending,1/22/2020,Prairie Hills Oil and Gas L.L.C.,UT T0250S-R0180E SALT LAKE MER Section: 035, ALL SUBDIVISIONS
UT,O&G Nomination (EOI),Pending,1/21/2020,"Prairie Hills Oil and Gas, L.L.C.",UT T0250S-R0190E SALT LAKE MER Section: 011, ALL SUBDIVISIONS
UT,O&G Nomination (EOI),Pending,1/21/2020,"Prairie Hills Oil and Gas, L.L.C.",UT T0250S-R0190E SALT LAKE MER Section: 012, ALL SUBDIVISIONS
UT,O&G Nomination (EOI),Pending,1/21/2020,"Prairie Hills Oil and Gas, L.L.C.",UT T0250S-R0190E SALT LAKE MER Section: 013, ALL SUBDIVISIONS
UT,O&G Nomination (EOI),Pending,1/22/2020,"Prairie Hills Oil and Gas, L.L.C.",UT T0250S-R0200E SALT LAKE MER Section: 004," 1-8, 10-14"
UT,O&G Nomination (EOI),Pending,1/22/2020,"Prairie Hills Oil and Gas, L.L.C.",UT T0250S-R0200E SALT LAKE MER Section: 004, SW
UT,O&G Nomination (EOI),Pending,1/22/2020,"Prairie Hills Oil and Gas, L.L.C.",UT T0250S-R0200E SALT LAKE MER Section: 005, ALL SUBDIVISIONS
UT,O&G Nomination (EOI),Pending,1/22/2020,"Prairie Hills Oil and Gas, L.L.C.",UT T0250S-R0200E SALT LAKE MER Section: 006, 1-18
UT,O&G Nomination (EOI),Pending,1/22/2020,"Prairie Hills Oil and Gas, L.L.C.",UT T0250S-R0200E SALT LAKE MER Section: 006, E2SW
UT,O&G Nomination (EOI),Pending,1/22/2020,"Prairie Hills Oil and Gas, L.L.C.",UT T0250S-R0200E SALT LAKE MER Section: 007, ALL SUBDIVISIONS
UT,O&G Nomination (EOI),Pending,1/22/2020,"Prairie Hills Oil and Gas, L.L.C.",UT T0250S-R0200E SALT LAKE MER Section: 008, ALL SUBDIVISIONS
UT,O&G Nomination (EOI),Pending,1/22/2020,"Prairie Hills Oil and Gas, L.L.C.",UT T0250S-R0200E SALT LAKE MER Section: 009, ALL SUBDIVISIONS
UT,O&G Nomination (EOI),Pending,1/22/2020,"Prairie Hills Oil and Gas, L.L.C.",UT T0250S-R0200E SALT LAKE MER Section: 010," S2SENW, SWNW, SW, SWNESE, W2NWSE, SENWSE, S2SE"
UT,O&G Nomination (EOI),Pending,1/22/2020,"Prairie Hills Oil and Gas, L.L.C.",UT T0250S-R0200E SALT LAKE MER Section: 011, SWSWSW
UT,O&G Nomination (EOI),Pending,1/22/2020,"Prairie Hills Oil and Gas, L.L.C.",UT T0250S-R0200E SALT LAKE MER Section: 014," SWNENW, W2NW, SENW, SW, SWNWSE, W2SWSE, SESWSE"
UT,O&G Nomination (EOI),Pending,1/22/2020,"Prairie Hills Oil and Gas, L.L.C.",UT T0250S-R0200E SALT LAKE MER Section: 024," SWSWNE, S2NW, SW, W2SE, SWSESE"
UT,O&G Nomination (EOI),Pending,1/22/2020,"Prairie Hills Oil and Gas, L.L.C.",UT T0250S-R0200E SALT LAKE MER Section: 025, ALL SUBDIVISIONS
UT,O&G Nomination (EOI),Pending,1/22/2020,"Prairie Hills Oil and Gas, L.L.C.",UT T0250S-R0200E SALT LAKE MER Section: 034," S2NE, NW, NESW, SE"
UT,O&G Nomination (EOI),Pending,2/26/2020,"Milestone Consulting, Inc.",UT T0260S-R0070E SALT LAKE MER Section: 018," N2NWNE, SWNWNE, N2NW, SWNW, N2SENW, SWSENW, NWNESW, NWSW"
UT,O&G Nomination (EOI),Pending,1/22/2020,Prairie Hills Oil and Gas L.L.C.,UT T0260S-R0180E SALT LAKE MER Section: 001, ALL SUBDIVISIONS
UT,O&G Nomination (EOI),Pending,1/22/2020,Prairie Hills Oil and Gas L.L.C.,UT T0260S-R0180E SALT LAKE MER Section: 003, ALL SUBDIVISIONS
UT,O&G Nomination (EOI),Pending,1/22/2020,Prairie Hills Oil and Gas L.L.C.,UT T0260S-R0180E SALT LAKE MER Section: 004, ALL SUBDIVISIONS
UT,O&G Nomination (EOI),Pending,1/22/2020,Prairie Hills Oil and Gas L.L.C.,UT T0260S-R0180E SALT LAKE MER Section: 005, ALL SUBDIVISIONS
UT,O&G Nomination (EOI),Pending,1/22/2020,Prairie Hills Oil and Gas L.L.C.,UT T0260S-R0180E SALT LAKE MER Section: 006, ALL SUBDIVISIONS
UT,O&G Nomination (EOI),Pending,1/22/2020,Prairie Hills Oil and Gas L.L.C.,UT T0260S-R0180E SALT LAKE MER Section: 007, ALL SUBDIVISIONS
UT,O&G Nomination (EOI),Pending,1/22/2020,Prairie Hills Oil and Gas L.L.C.,UT T0260S-R0180E SALT LAKE MER Section: 008, ALL SUBDIVISIONS
UT,O&G Nomination (EOI),Pending,1/22/2020,Prairie Hills Oil and Gas L.L.C.,UT T0260S-R0180E SALT LAKE MER Section: 009, ALL SUBDIVISIONS
UT,O&G Nomination (EOI),Pending,1/22/2020,Prairie Hills Oil and Gas L.L.C.,UT T0260S-R0180E SALT LAKE MER Section: 010, ALL SUBDIVISIONS
UT,O&G Nomination (EOI),Pending,1/22/2020,Prairie Hills Oil and Gas L.L.C.,UT T0260S-R0180E SALT LAKE MER Section: 011, ALL SUBDIVISIONS
UT,O&G Nomination (EOI),Pending,1/22/2020,Prairie Hills Oil and Gas L.L.C.,UT T0260S-R0180E SALT LAKE MER Section: 012, ALL SUBDIVISIONS
UT,O&G Nomination (EOI),Pending,1/22/2020,Prairie Hills Oil and Gas L.L.C.,UT T0260S-R0180E SALT LAKE MER Section: 013, ALL SUBDIVISIONS
UT,O&G Nomination (EOI),Pending,1/22/2020,Prairie Hills Oil and Gas L.L.C.,UT T0260S-R0180E SALT LAKE MER Section: 014, ALL SUBDIVISIONS
UT,O&G Nomination (EOI),Pending,1/22/2020,Prairie Hills Oil and Gas L.L.C.,UT T0260S-R0180E SALT LAKE MER Section: 015, ALL SUBDIVISIONS
UT,O&G Nomination (EOI),Pending,1/22/2020,Prairie Hills Oil and Gas L.L.C.,UT T0260S-R0180E SALT LAKE MER Section: 017, ALL SUBDIVISIONS
UT,O&G Nomination (EOI),Pending,1/22/2020,Prairie Hills Oil and Gas L.L.C.,UT T0260S-R0180E SALT LAKE MER Section: 021, ALL SUBDIVISIONS
UT,O&G Nomination (EOI),Pending,1/22/2020,Prairie Hills Oil and Gas L.L.C.,UT T0260S-R0180E SALT LAKE MER Section: 022, ALL SUBDIVISIONS
UT,O&G Nomination (EOI),Pending,1/22/2020,Prairie Hills Oil and Gas L.L.C.,UT T0260S-R0180E SALT LAKE MER Section: 023, ALL SUBDIVISIONS
UT,O&G Nomination (EOI),Pending,1/22/2020,Prairie Hills Oil and Gas L.L.C.,UT T0260S-R0180E SALT LAKE MER Section: 024, ALL SUBDIVISIONS
UT,O&G Nomination (EOI),Pending,1/22/2020,Prairie Hills Oil and Gas L.L.C.,UT T0260S-R0180E SALT LAKE MER Section: 025," N2, N2SW, N2SWSW, SESWSW, SESW, SE"
UT,O&G Nomination (EOI),Pending,1/22/2020,Prairie Hills Oil and Gas L.L.C.,UT T0260S-R0180E SALT LAKE MER Section: 026," N2, N2N2SW, SWNWSW, N2N2SE, SENESE"
UT,O&G Nomination (EOI),Pending,1/22/2020,Prairie Hills Oil and Gas L.L.C.,UT T0260S-R0180E SALT LAKE MER Section: 027," N2, SW, N2SE, SWSE, NWSESE"
UT,O&G Nomination (EOI),Pending,1/22/2020,Prairie Hills Oil and Gas L.L.C.,UT T0260S-R0180E SALT LAKE MER Section: 028," N2NE, NESWNE, W2NWSWNE, S2SWNE, SENE, W2, SE "
UT,O&G Nomination (EOI),Pending,1/22/2020,Prairie Hills Oil and Gas L.L.C.,UT T0260S-R0180E SALT LAKE MER Section: 033," N2NE, N2NW, SWNW, N2SENW, SWSENW"
UT,O&G Nomination (EOI),Pending,1/22/2020,Prairie Hills Oil and Gas L.L.C.,UT T0260S-R0180E SALT LAKE MER Section: 034," N2NENW, NWNW"
UT,O&G Nomination (EOI),Pending,1/22/2020,"Prairie Hills Oil and Gas, L.L.C.",UT T0260S-R0190E SALT LAKE MER Section: 031," N2, N2SW, N2N2SE"
UT,O&G Nomination (EOI),Pending,1/22/2020,"Prairie Hills Oil and Gas, L.L.C.",UT T0260S-R0200E SALT LAKE MER Section: 001, 1-8
UT,O&G Nomination (EOI),Pending,1/22/2020,"Prairie Hills Oil and Gas, L.L.C.",UT T0260S-R0200E SALT LAKE MER Section: 001," SWNE, S2NW, SW"
UT,O&G Nomination (EOI),Pending,1/22/2020,"Prairie Hills Oil and Gas, L.L.C.",UT T0260S-R0200E SALT LAKE MER Section: 003, ALL SUBDIVISIONS
UT,O&G Nomination (EOI),Pending,1/22/2020,"Prairie Hills Oil and Gas, L.L.C.",UT T0260S-R0200E SALT LAKE MER Section: 011, ALL SUBDIVISIONS
UT,O&G Nomination (EOI),Pending,1/22/2020,"Prairie Hills Oil and Gas, L.L.C.",UT T0260S-R0200E SALT LAKE MER Section: 012," SWNE, W2, SE"
UT,O&G Nomination (EOI),Pending,1/22/2020,"Prairie Hills Oil and Gas, L.L.C.",UT T0260S-R0200E SALT LAKE MER Section: 013,1
UT,O&G Nomination (EOI),Pending,1/22/2020,"Prairie Hills Oil and Gas, L.L.C.",UT T0260S-R0200E SALT LAKE MER Section: 013," N2NE, SWNE, W2, W2SE"
UT,O&G Nomination (EOI),Pending,1/22/2020,"Prairie Hills Oil and Gas, L.L.C.",UT T0260S-R0200E SALT LAKE MER Section: 014, ALL SUBDIVISIONS
UT,O&G Nomination (EOI),Pending,1/22/2020,"Prairie Hills Oil and Gas, L.L.C.",UT T0260S-R0210E SALT LAKE MER Section: 006," 11, 13"
UT,O&G Nomination (EOI),Pending,1/22/2020,"Prairie Hills Oil and Gas, L.L.C.",UT T0260S-R0210E SALT LAKE MER Section: 006," SWNE, SENW, E2SW, W2SE, SESE"
UT,O&G Nomination (EOI),Pending,1/22/2020,"Prairie Hills Oil and Gas, L.L.C.",UT T0260S-R0210E SALT LAKE MER Section: 007," 1, 2"
UT,O&G Nomination (EOI),Pending,1/22/2020,"Prairie Hills Oil and Gas, L.L.C.",UT T0260S-R0210E SALT LAKE MER Section: 007," NE, E2NW, N2SE, SESE"
UT,O&G Nomination (EOI),Pending,1/22/2020,"Prairie Hills Oil and Gas, L.L.C.",UT T0260S-R0210E SALT LAKE MER Section: 018,3
UT,O&G Nomination (EOI),Pending,1/22/2020,"Prairie Hills Oil and Gas, L.L.C.",UT T0260S-R0210E SALT LAKE MER Section: 018," NENE, S2NE, E2SW, SE "
UT,O&G Nomination (EOI),Pending,1/22/2020,"Prairie Hills Oil and Gas, L.L.C.",UT T0260S-R0210E SALT LAKE MER Section: 019," E2, E2NW, NESW "
UT,O&G Nomination (EOI),Pending,1/22/2020,"Prairie Hills Oil and Gas, L.L.C.",UT T0260S-R0210E SALT LAKE MER Section: 020," W2NW, SENW, S2"
UT,O&G Nomination (EOI),Pending,1/22/2020,"Prairie Hills Oil and Gas, L.L.C.",UT T0260S-R0210E SALT LAKE MER Section: 028, ALL SUBDIVISIONS
UT,O&G Nomination (EOI),Pending,1/22/2020,"Prairie Hills Oil and Gas, L.L.C.",UT T0260S-R0210E SALT LAKE MER Section: 029," E2NE, E2SE"
UT,O&G Nomination (EOI),Pending,3/2/2020,Nominator,UT T0260S-R0230E SALT LAKE MER Section: 019, ALL SUBDIVISIONS
UT,O&G Nomination (EOI),Pending,3/2/2020,Nominator,UT T0260S-R0230E SALT LAKE MER Section: 021,7
UT,O&G Nomination (EOI),Pending,3/2/2020,Nominator,UT T0260S-R0230E SALT LAKE MER Section: 021, W2SE
UT,O&G Nomination (EOI),Pending,3/2/2020,Nominator,UT T0260S-R0230E SALT LAKE MER Section: 028, 3-6
UT,O&G Nomination (EOI),Pending,3/2/2020,Nominator,UT T0260S-R0230E SALT LAKE MER Section: 028, SW
UT,O&G Nomination (EOI),Pending,3/2/2020,Nominator,UT T0260S-R0230E SALT LAKE MER Section: 029, ALL SUBDIVISIONS
UT,O&G Nomination (EOI),Pending,3/2/2020,Nominator,UT T0260S-R0230E SALT LAKE MER Section: 030, NE
UT,O&G Nomination (EOI),Pending,3/2/2020,Nominator,UT T0260S-R0230E SALT LAKE MER Section: 033, ALL SUBDIVISIONS
UT,O&G Nomination (EOI),Pending,1/22/2020,"Prairie Hills Oil and Gas, L.L.C.",UT T0270S-R0210E SALT LAKE MER Section: 010, ALL SUBDIVISIONS
UT,O&G Nomination (EOI),Pending,1/22/2020,"Prairie Hills Oil and Gas, L.L.C.",UT T0270S-R0210E SALT LAKE MER Section: 011, ALL SUBDIVISIONS
UT,O&G Nomination (EOI),Pending,1/22/2020,"Prairie Hills Oil and Gas, L.L.C.",UT T0270S-R0210E SALT LAKE MER Section: 012, ALL SUBDIVISIONS
UT,O&G Nomination (EOI),Pending,1/22/2020,"Prairie Hills Oil and Gas, L.L.C.",UT T0270S-R0210E SALT LAKE MER Section: 013, ALL SUBDIVISIONS
UT,O&G Nomination (EOI),Pending,1/22/2020,"Prairie Hills Oil and Gas, L.L.C.",UT T0270S-R0210E SALT LAKE MER Section: 014, ALL SUBDIVISIONS
UT,O&G Nomination (EOI),Pending,1/22/2020,"Prairie Hills Oil and Gas, L.L.C.",UT T0270S-R0210E SALT LAKE MER Section: 015, ALL SUBDIVISIONS
UT,O&G Nomination (EOI),Pending,1/22/2020,"Prairie Hills Oil and Gas, L.L.C.",UT T0270S-R0220E SALT LAKE MER Section: 007, ALL SUBDIVISIONS
UT,O&G Nomination (EOI),Pending,1/22/2020,"Prairie Hills Oil and Gas, L.L.C.",UT T0270S-R0220E SALT LAKE MER Section: 008," S2N2NE, S2NE, W2NENW, SENENW, W2NW, SENW, S2"
UT,O&G Nomination (EOI),Pending,1/15/2020,Nominator,UT T0280S-R0210E SALT LAKE MER Section: 011," N2NE, N2NW, SESE"
UT,O&G Nomination (EOI),Pending,1/15/2020,Nominator,UT T0280S-R0210E SALT LAKE MER Section: 013," SENE, NW, E2SE"
UT,O&G Nomination (EOI),Pending,1/15/2020,Nominator,UT T0280S-R0210E SALT LAKE MER Section: 014," E2NE, W2"
UT,O&G Nomination (EOI),Pending,1/15/2020,Nominator,UT T0280S-R0220E SALT LAKE MER Section: 001, LOTS 1-7
UT,O&G Nomination (EOI),Pending,1/15/2020,Nominator,UT T0280S-R0220E SALT LAKE MER Section: 001," SWNE, S2NW, N2SW, SWSW, NWSE"
UT,O&G Nomination (EOI),Pending,1/15/2020,Nominator,UT T0280S-R0220E SALT LAKE MER Section: 003, ALL SUBDIVISIONS
UT,O&G Nomination (EOI),Pending,1/15/2020,Nominator,UT T0280S-R0220E SALT LAKE MER Section: 004, ALL SUBDIVISIONS
UT,O&G Nomination (EOI),Pending,1/15/2020,Nominator,UT T0280S-R0220E SALT LAKE MER Section: 008, SWSW
UT,O&G Nomination (EOI),Pending,1/15/2020,Nominator,UT T0280S-R0220E SALT LAKE MER Section: 009, ALL SUBDIVISIONS
UT,O&G Nomination (EOI),Pending,1/15/2020,Nominator,UT T0280S-R0220E SALT LAKE MER Section: 010," W2NW, SW, NWSE, S2SE"
UT,O&G Nomination (EOI),Pending,1/15/2020,Nominator,UT T0280S-R0220E SALT LAKE MER Section: 011, ALL SUBDIVISIONS
UT,O&G Nomination (EOI),Pending,1/15/2020,Nominator,UT T0280S-R0220E SALT LAKE MER Section: 012, ALL SUBDIVISIONS
UT,O&G Nomination (EOI),Pending,1/15/2020,Nominator,UT T0280S-R0220E SALT LAKE MER Section: 013, ALL SUBDIVISIONS
UT,O&G Nomination (EOI),Pending,1/15/2020,Nominator,UT T0280S-R0220E SALT LAKE MER Section: 014, ALL SUBDIVISIONS
UT,O&G Nomination (EOI),Pending,1/15/2020,Nominator,UT T0280S-R0220E SALT LAKE MER Section: 015, ALL SUBDIVISIONS
UT,O&G Nomination (EOI),Pending,1/15/2020,Nominator,UT T0280S-R0220E SALT LAKE MER Section: 017, ALL SUBDIVISIONS
UT,O&G Nomination (EOI),Pending,1/15/2020,Nominator,UT T0280S-R0220E SALT LAKE MER Section: 018, ALL SUBDIVISIONS
UT,O&G Nomination (EOI),Pending,1/15/2020,Nominator,UT T0280S-R0220E SALT LAKE MER Section: 019, ALL SUBDIVISIONS
UT,O&G Nomination (EOI),Pending,1/15/2020,Nominator,UT T0280S-R0220E SALT LAKE MER Section: 020, ALL SUBDIVISIONS
UT,O&G Nomination (EOI),Pending,1/15/2020,Nominator,UT T0280S-R0220E SALT LAKE MER Section: 021, ALL SUBDIVISIONS
UT,O&G Nomination (EOI),Pending,1/15/2020,Nominator,UT T0280S-R0220E SALT LAKE MER Section: 022, ALL SUBDIVISIONS
UT,O&G Nomination (EOI),Pending,1/15/2020,Nominator,UT T0280S-R0220E SALT LAKE MER Section: 023," N2, SW"
UT,O&G Nomination (EOI),Pending,1/17/2020,Nominator,UT T0280S-R0220E SALT LAKE MER Section: 023, SE
UT,O&G Nomination (EOI),Pending,1/15/2020,Nominator,UT T0280S-R0220E SALT LAKE MER Section: 024, LOTS 1-4
UT,O&G Nomination (EOI),Pending,1/15/2020,Nominator,UT T0280S-R0220E SALT LAKE MER Section: 024," W2NE, NW, E2SW, W2SE"
UT,O&G Nomination (EOI),Pending,1/17/2020,Nominator,UT T0280S-R0220E SALT LAKE MER Section: 024, W2SW
UT,O&G Nomination (EOI),Pending,1/15/2020,Nominator,UT T0280S-R0220E SALT LAKE MER Section: 025, ALL SUBDIVISIONS
UT,O&G Nomination (EOI),Pending,1/17/2020,Nominator,UT T0280S-R0220E SALT LAKE MER Section: 026," NE, E2SE"
UT,O&G Nomination (EOI),Pending,1/15/2020,Nominator,UT T0280S-R0220E SALT LAKE MER Section: 026," W2, W2SE"
UT,O&G Nomination (EOI),Pending,1/15/2020,Nominator,UT T0280S-R0220E SALT LAKE MER Section: 027, ALL SUBDIVISIONS
UT,O&G Nomination (EOI),Pending,1/15/2020,Nominator,UT T0280S-R0220E SALT LAKE MER Section: 035, ALL SUBDIVISIONS
UT,O&G Nomination (EOI),Pending,1/15/2020,Nominator,UT T0290S-R0220E SALT LAKE MER Section: 001, ALL SUBDIVISIONS
UT,O&G Nomination (EOI),Pending,1/15/2020,Nominator,UT T0290S-R0220E SALT LAKE MER Section: 012, ALL SUBDIVISIONS
UT,O&G Nomination (EOI),Pending,1/15/2020,Nominator,UT T0290S-R0220E SALT LAKE MER Section: 013, ALL SUBDIVISIONS
UT,O&G Nomination (EOI),Pending,1/15/2020,Nominator,UT T0290S-R0220E SALT LAKE MER Section: 014," E2NE, E2W2NE, E2W2SE, E2SE"
UT,O&G Nomination (EOI),Pending,1/15/2020,Nominator,UT T0290S-R0230E SALT LAKE MER Section: 006," E2SW, W2SE"
UT,O&G Nomination (EOI),Pending,1/15/2020,Nominator,UT T0290S-R0230E SALT LAKE MER Section: 006," LOTS 6, 7"
UT,O&G Nomination (EOI),Pending,1/15/2020,Nominator,UT T0290S-R0230E SALT LAKE MER Section: 007, ALL SUBDIVISIONS
UT,O&G Nomination (EOI),Pending,1/15/2020,Nominator,UT T0290S-R0230E SALT LAKE MER Section: 018, LOTS 1-4
UT,O&G Nomination (EOI),Pending,1/15/2020,Nominator,UT T0290S-R0230E SALT LAKE MER Section: 018," NE, E2NW, E2SW"
UT,O&G Nomination (EOI),Pending,3/16/2020,Jones Lease Service,UT T0340S-R0120W SALT LAKE MER Section: 001, ALL SUBDIVISIONS
UT,O&G Nomination (EOI),Pending,3/16/2020,Jones Lease Service,UT T0340S-R0120W SALT LAKE MER Section: 003, ALL SUBDIVISIONS
UT,O&G Nomination (EOI),Pending,3/16/2020,Jones Lease Service,UT T0340S-R0120W SALT LAKE MER Section: 004, ALL SUBDIVISIONS
UT,O&G Nomination (EOI),Pending,3/16/2020,Jones Lease Service,UT T0340S-R0120W SALT LAKE MER Section: 005, 1-4
UT,O&G Nomination (EOI),Pending,3/16/2020,Jones Lease Service,UT T0340S-R0120W SALT LAKE MER Section: 005," S2NE,S2NW"
UT,O&G Nomination (EOI),Pending,3/16/2020,Jones Lease Service,UT T0340S-R0120W SALT LAKE MER Section: 007," 1,2,4"
UT,O&G Nomination (EOI),Pending,3/16/2020,Jones Lease Service,UT T0340S-R0120W SALT LAKE MER Section: 007," N2NE,SWNE,E2NW"
UT,O&G Nomination (EOI),Pending,3/16/2020,Jones Lease Service,UT T0340S-R0120W SALT LAKE MER Section: 008, ALL SUBDIVISIONS
UT,O&G Nomination (EOI),Pending,3/16/2020,Jones Lease Service,UT T0340S-R0120W SALT LAKE MER Section: 009, ALL SUBDIVISIONS
UT,O&G Nomination (EOI),Pending,3/16/2020,Jones Lease Service,UT T0340S-R0120W SALT LAKE MER Section: 011, ALL SUBDIVISIONS
UT,O&G Nomination (EOI),Pending,3/16/2020,Jones Lease Service,UT T0340S-R0120W SALT LAKE MER Section: 012, ALL SUBDIVISIONS
UT,O&G Nomination (EOI),Pending,3/16/2020,Jones Lease Service,UT T0340S-R0120W SALT LAKE MER Section: 017, ALL SUBDIVISIONS
UT,O&G Nomination (EOI),Pending,3/16/2020,Jones Lease Service,UT T0340S-R0120W SALT LAKE MER Section: 018,4
UT,O&G Nomination (EOI),Pending,3/16/2020,Jones Lease Service,UT T0340S-R0120W SALT LAKE MER Section: 018, NENE
UT,O&G Nomination (EOI),Pending,3/16/2020,Jones Lease Service,UT T0340S-R0120W SALT LAKE MER Section: 019, SESW
UT,O&G Nomination (EOI),Pending,3/16/2020,Jones Lease Service,UT T0340S-R0120W SALT LAKE MER Section: 020, E2
UT,O&G Nomination (EOI),Pending,3/16/2020,Jones Lease Service,UT T0340S-R0120W SALT LAKE MER Section: 021," W2NE,W2,W2SW"
UT,O&G Nomination (EOI),Pending,3/16/2020,Jones Lease Service,UT T0340S-R0120W SALT LAKE MER Section: 022, E2E2
UT,O&G Nomination (EOI),Pending,3/16/2020,Jones Lease Service,UT T0340S-R0120W SALT LAKE MER Section: 023," S2N2,S2"
UT,O&G Nomination (EOI),Pending,3/16/2020,Jones Lease Service,UT T0340S-R0120W SALT LAKE MER Section: 025, S2
UT,O&G Nomination (EOI),Pending,3/16/2020,Jones Lease Service,UT T0340S-R0120W SALT LAKE MER Section: 026, ALL SUBDIVISIONS
UT,O&G Nomination (EOI),Pending,3/16/2020,Jones Lease Service,UT T0340S-R0120W SALT LAKE MER Section: 027, ALL SUBDIVISIONS
UT,O&G Nomination (EOI),Pending,3/16/2020,Jones Lease Service,UT T0340S-R0120W SALT LAKE MER Section: 028, ALL SUBDIVISIONS
UT,O&G Nomination (EOI),Pending,3/16/2020,Jones Lease Service,UT T0340S-R0120W SALT LAKE MER Section: 029," E2,S2NW,SW"
UT,O&G Nomination (EOI),Pending,3/16/2020,Jones Lease Service,UT T0340S-R0120W SALT LAKE MER Section: 030, 1-4
UT,O&G Nomination (EOI),Pending,3/16/2020,Jones Lease Service,UT T0340S-R0120W SALT LAKE MER Section: 030," E2W2,E2SE"
UT,O&G Nomination (EOI),Pending,3/16/2020,Jones Lease Service,UT T0340S-R0120W SALT LAKE MER Section: 031, ALL SUBDIVISIONS
UT,O&G Nomination (EOI),Pending,3/16/2020,Jones Lease Service,UT T0340S-R0120W SALT LAKE MER Section: 033, ALL SUBDIVISIONS
UT,O&G Nomination (EOI),Pending,3/16/2020,Jones Lease Service,UT T0340S-R0120W SALT LAKE MER Section: 034, ALL SUBDIVISIONS
UT,O&G Nomination (EOI),Pending,3/16/2020,Jones Lease Service,UT T0340S-R0120W SALT LAKE MER Section: 035, ALL SUBDIVISIONS
UT,O&G Nomination (EOI),Pending,3/16/2020,Jones Lease Service,UT T0340S-R0130W SALT LAKE MER Section: 004, ALL SUBDIVISIONS
UT,O&G Nomination (EOI),Pending,3/16/2020,Jones Lease Service,UT T0340S-R0130W SALT LAKE MER Section: 007," 1,2"
UT,O&G Nomination (EOI),Pending,3/16/2020,Jones Lease Service,UT T0340S-R0130W SALT LAKE MER Section: 009, E2
UT,O&G Nomination (EOI),Pending,3/16/2020,Jones Lease Service,UT T0340S-R0130W SALT LAKE MER Section: 011," N2,S2SW"
UT,O&G Nomination (EOI),Pending,3/16/2020,Jones Lease Service,UT T0340S-R0130W SALT LAKE MER Section: 012, E2E2
UT,O&G Nomination (EOI),Pending,3/16/2020,Jones Lease Service,UT T0340S-R0130W SALT LAKE MER Section: 013," E2,E2W2"
UT,O&G Nomination (EOI),Pending,3/16/2020,Jones Lease Service,UT T0340S-R0130W SALT LAKE MER Section: 017, SE
UT,O&G Nomination (EOI),Pending,3/16/2020,Jones Lease Service,UT T0340S-R0130W SALT LAKE MER Section: 019," 3,4"
UT,O&G Nomination (EOI),Pending,3/16/2020,Jones Lease Service,UT T0340S-R0130W SALT LAKE MER Section: 019," E2SW,SE"
UT,O&G Nomination (EOI),Pending,3/16/2020,Jones Lease Service,UT T0340S-R0130W SALT LAKE MER Section: 020, S2
UT,O&G Nomination (EOI),Pending,3/16/2020,Jones Lease Service,UT T0340S-R0130W SALT LAKE MER Section: 021, S2
UT,O&G Nomination (EOI),Pending,3/16/2020,Jones Lease Service,UT T0340S-R0130W SALT LAKE MER Section: 022, ALL SUBDIVISIONS
UT,O&G Nomination (EOI),Pending,3/16/2020,Jones Lease Service,UT T0340S-R0130W SALT LAKE MER Section: 030, ALL SUBDIVISIONS
UT,O&G Nomination (EOI),Pending,3/16/2020,Jones Lease Service,UT T0340S-R0130W SALT LAKE MER Section: 031, ALL SUBDIVISIONS
UT,O&G Nomination (EOI),Pending,3/16/2020,Jones Lease Service,UT T0340S-R0130W SALT LAKE MER Section: 036, ALL SUBDIVISIONS
UT,O&G Nomination (EOI),Pending,3/16/2020,Jones Lease Service,UT T0350S-R0120W SALT LAKE MER Section: 001, 1-4
UT,O&G Nomination (EOI),Pending,3/16/2020,Jones Lease Service,UT T0350S-R0120W SALT LAKE MER Section: 001," SWNE,S2NW,S2"
UT,O&G Nomination (EOI),Pending,3/16/2020,Jones Lease Service,UT T0350S-R0120W SALT LAKE MER Section: 002," 1,2"
UT,O&G Nomination (EOI),Pending,3/16/2020,Jones Lease Service,UT T0350S-R0120W SALT LAKE MER Section: 002," S2NE,S2"
UT,O&G Nomination (EOI),Pending,3/16/2020,Jones Lease Service,UT T0350S-R0120W SALT LAKE MER Section: 003, ALL EXCLUDING PAT MINING CLAIMS
UT,O&G Nomination (EOI),Pending,3/16/2020,Jones Lease Service,UT T0350S-R0120W SALT LAKE MER Section: 004, 1-4
UT,O&G Nomination (EOI),Pending,3/16/2020,Jones Lease Service,UT T0350S-R0120W SALT LAKE MER Section: 004," S2N2,N2S2,SESE"
UT,O&G Nomination (EOI),Pending,3/16/2020,Jones Lease Service,UT T0350S-R0120W SALT LAKE MER Section: 009, 1-8
UT,O&G Nomination (EOI),Pending,3/16/2020,Jones Lease Service,UT T0350S-R0120W SALT LAKE MER Section: 009," E2SENWNE,SWSENWNE,E2SWNE,E2NWSWNE,SWNWSWNE,SWSWNE,S2S2NW,N2SW, EXCLUDING PAT MINING CLAIMS"
UT,O&G Nomination (EOI),Pending,3/16/2020,Jones Lease Service,UT T0350S-R0120W SALT LAKE MER Section: 010, ALL EXCLUDING PAT MINING CLAIMS
UT,O&G Nomination (EOI),Pending,3/16/2020,Jones Lease Service,UT T0350S-R0120W SALT LAKE MER Section: 011, ALL SUBDIVISIONS
UT,O&G Nomination (EOI),Pending,3/16/2020,Jones Lease Service,UT T0350S-R0120W SALT LAKE MER Section: 012, ALL SUBDIVISIONS
UT,O&G Nomination (EOI),Pending,3/16/2020,Jones Lease Service,UT T0350S-R0120W SALT LAKE MER Section: 013," SWNW,W2SW"
UT,O&G Nomination (EOI),Pending,3/16/2020,Jones Lease Service,UT T0350S-R0120W SALT LAKE MER Section: 014," NW,N2SW,N2S2SW"
UT,O&G Nomination (EOI),Pending,3/16/2020,Jones Lease Service,UT T0350S-R0120W SALT LAKE MER Section: 015, 1-5
UT,O&G Nomination (EOI),Pending,3/16/2020,Jones Lease Service,UT T0350S-R0120W SALT LAKE MER Section: 015," NE,SENW,E2SW,N2SE,N2S2SE"
UT,O&G Nomination (EOI),Pending,3/16/2020,Jones Lease Service,UT T0350S-R0120W SALT LAKE MER Section: 016, ALL EXCLUDING PAT MINING CLAIMS AND LOT 3 (SWNW)
UT,O&G Nomination (EOI),Pending,3/16/2020,Jones Lease Service,UT T0350S-R0120W SALT LAKE MER Section: 029, SW EXCLUDING PAT MINING CLAIMS
UT,O&G Nomination (EOI),Pending,3/16/2020,Jones Lease Service,UT T0350S-R0120W SALT LAKE MER Section: 030," 4,12-16"
UT,O&G Nomination (EOI),Pending,3/16/2020,Jones Lease Service,UT T0350S-R0120W SALT LAKE MER Section: 030," SESW,SE EXCLUDING PAT MINING CLAIMS"
UT,O&G Nomination (EOI),Pending,3/16/2020,Jones Lease Service,UT T0350S-R0120W SALT LAKE MER Section: 031, 1-4
UT,O&G Nomination (EOI),Pending,3/16/2020,Jones Lease Service,UT T0350S-R0120W SALT LAKE MER Section: 031," NE,E2W2,NWSE EXCLUDING PAT MINING CLAIMS"
UT,O&G Nomination (EOI),Pending,3/16/2020,Jones Lease Service,UT T0350S-R0130W SALT LAKE MER Section: 001," 1,5-7"
UT,O&G Nomination (EOI),Pending,3/16/2020,Jones Lease Service,UT T0350S-R0130W SALT LAKE MER Section: 003, S2
UT,O&G Nomination (EOI),Pending,3/16/2020,Jones Lease Service,UT T0350S-R0130W SALT LAKE MER Section: 004, S2
UT,O&G Nomination (EOI),Pending,3/16/2020,Jones Lease Service,UT T0350S-R0130W SALT LAKE MER Section: 005, ALL SUBDIVISIONS
UT,O&G Nomination (EOI),Pending,3/16/2020,Jones Lease Service,UT T0350S-R0130W SALT LAKE MER Section: 006, ALL SUBDIVISIONS
UT,O&G Nomination (EOI),Pending,3/16/2020,Jones Lease Service,UT T0350S-R0130W SALT LAKE MER Section: 007, ALL SUBDIVISIONS
UT,O&G Nomination (EOI),Pending,3/16/2020,Jones Lease Service,UT T0350S-R0130W SALT LAKE MER Section: 008, W2
UT,O&G Nomination (EOI),Pending,3/16/2020,Jones Lease Service,UT T0350S-R0130W SALT LAKE MER Section: 009, ALL SUBDIVISIONS
UT,O&G Nomination (EOI),Pending,3/16/2020,Jones Lease Service,UT T0350S-R0130W SALT LAKE MER Section: 010, ALL SUBDIVISIONS
UT,O&G Nomination (EOI),Pending,3/16/2020,Jones Lease Service,UT T0350S-R0130W SALT LAKE MER Section: 011, ALL SUBDIVISIONS
UT,O&G Nomination (EOI),Pending,3/16/2020,Jones Lease Service,UT T0350S-R0130W SALT LAKE MER Section: 012," 3,4"
UT,O&G Nomination (EOI),Pending,3/16/2020,Jones Lease Service,UT T0350S-R0130W SALT LAKE MER Section: 012," W2NW,SENW,SW,W2SE"
UT,O&G Nomination (EOI),Pending,3/16/2020,Jones Lease Service,UT T0350S-R0130W SALT LAKE MER Section: 013, ALL SUBDIVISIONS
UT,O&G Nomination (EOI),Pending,3/16/2020,Jones Lease Service,UT T0350S-R0130W SALT LAKE MER Section: 014, ALL SUBDIVISIONS
UT,O&G Nomination (EOI),Pending,3/16/2020,Jones Lease Service,UT T0350S-R0130W SALT LAKE MER Section: 015, ALL SUBDIVISIONS
UT,O&G Nomination (EOI),Pending,3/16/2020,Jones Lease Service,UT T0350S-R0130W SALT LAKE MER Section: 017, N2
UT,O&G Nomination (EOI),Pending,3/16/2020,Jones Lease Service,UT T0350S-R0130W SALT LAKE MER Section: 018, ALL SUBDIVISIONS
UT,O&G Nomination (EOI),Pending,3/16/2020,Jones Lease Service,UT T0350S-R0130W SALT LAKE MER Section: 019, ALL SUBDIVISIONS
UT,O&G Nomination (EOI),Pending,3/16/2020,Jones Lease Service,UT T0350S-R0130W SALT LAKE MER Section: 022, ALL SUBDIVISIONS
UT,O&G Nomination (EOI),Pending,3/16/2020,Jones Lease Service,UT T0350S-R0130W SALT LAKE MER Section: 023, ALL SUBDIVISIONS
UT,O&G Nomination (EOI),Pending,3/16/2020,Jones Lease Service,UT T0350S-R0130W SALT LAKE MER Section: 024, ALL SUBDIVISIONS
UT,O&G Nomination (EOI),Pending,3/16/2020,Jones Lease Service,UT T0350S-R0130W SALT LAKE MER Section: 025, ALL EXCLUDING PATENTED MINING CLAIMS
UT,O&G Nomination (EOI),Pending,3/16/2020,Jones Lease Service,UT T0350S-R0130W SALT LAKE MER Section: 026," N2,N2SW,SE"
UT,O&G Nomination (EOI),Pending,3/16/2020,Jones Lease Service,UT T0350S-R0130W SALT LAKE MER Section: 027, ALL SUBDIVISIONS
UT,O&G Nomination (EOI),Pending,3/16/2020,Jones Lease Service,UT T0350S-R0130W SALT LAKE MER Section: 028, ALL SUBDIVISIONS
UT,O&G Nomination (EOI),Pending,3/16/2020,Jones Lease Service,UT T0350S-R0130W SALT LAKE MER Section: 029," NESW,N2SE,SESE"
UT,O&G Nomination (EOI),Pending,3/16/2020,Jones Lease Service,UT T0350S-R0130W SALT LAKE MER Section: 030," 3,4"
UT,O&G Nomination (EOI),Pending,3/16/2020,Jones Lease Service,UT T0350S-R0130W SALT LAKE MER Section: 030, E2SW
UT,O&G Nomination (EOI),Pending,3/16/2020,Jones Lease Service,UT T0350S-R0130W SALT LAKE MER Section: 031,1
UT,O&G Nomination (EOI),Pending,3/16/2020,Jones Lease Service,UT T0350S-R0130W SALT LAKE MER Section: 033, ALL SUBDIVISIONS
UT,O&G Nomination (EOI),Pending,3/16/2020,Jones Lease Service,UT T0350S-R0130W SALT LAKE MER Section: 034, N2
UT,O&G Nomination (EOI),Pending,3/16/2020,Jones Lease Service,UT T0350S-R0130W SALT LAKE MER Section: 035," E2,S2SW EXCLUDING PATENTED MINING CLAIMS"
UT,O&G Nomination (EOI),Pending,3/16/2020,Jones Lease Service,UT T0350S-R0130W SALT LAKE MER Section: 036,1
UT,O&G Nomination (EOI),Pending,3/16/2020,Jones Lease Service,UT T0350S-R0130W SALT LAKE MER Section: 036," W2NE,NW,E2SW EXCLUDING PATENTED MINING CLAIMS"
UT,O&G Nomination (EOI),Unable to Process: Surface Owner Information,3/2/2020,Ram Land Services,UT T0150S-R0020E SALT LAKE MER Section: 023," N2SE, SESE"
UT,O&G Nomination (EOI),Unable to Process: Surface Owner Information,3/2/2020,Ram Land Services,UT T0150S-R0020E SALT LAKE MER Section: 024, 1-4
UT,O&G Nomination (EOI),Unable to Process: Surface Owner Information,3/2/2020,Ram Land Services,UT T0150S-R0020E SALT LAKE MER Section: 024, W2W2
UT,O&G Nomination (EOI),Unable to Process: Surface Owner Information,3/2/2020,Ram Land Services,UT T0180S-R0020E SALT LAKE MER Section: 004," 3,4"
UT,O&G Nomination (EOI),Unable to Process: Surface Owner Information,3/2/2020,Ram Land Services,UT T0180S-R0020E SALT LAKE MER Section: 004," S2NW,SW"
UT,O&G Nomination (EOI),Unable to Process: Surface Owner Information,3/2/2020,Ram Land Services,UT T0180S-R0020E SALT LAKE MER Section: 006, SW
UT,O&G Nomination (EOI),Unable to Process: Surface Owner Information,2/21/2020,Nominator,UT T0200S-R0010W SALT LAKE MER Section: 017, NWNW
UT,O&G Nomination (EOI),Unable to Process: Surface Owner Information,2/28/2020,Nominator,UT T0250S-R0010W SALT LAKE MER Section: 026," SWNW, W2SW"
UT,O&G Nomination (EOI),Unable to Process: Surface Owner Information,1/22/2020,"Prairie Hills Oil and Gas, L.L.C.",UT T0250S-R0200E SALT LAKE MER Section: 010," NE, N2NW"
UT,O&G Nomination (EOI),Unable to Process: Surface Owner Information,1/22/2020,"Prairie Hills Oil and Gas, L.L.C.",UT T0250S-R0200E SALT LAKE MER Section: 011, NW
UT,O&G Nomination (EOI),Unable to Process: Surface Owner Information,1/22/2020,"Prairie Hills Oil and Gas, L.L.C.",UT T0270S-R0200E SALT LAKE MER Section: 003,2
UT,O&G Nomination (EOI),Unable to Process: Surface Owner Information,1/22/2020,"Prairie Hills Oil and Gas, L.L.C.",UT T0270S-R0200E SALT LAKE MER Section: 004, NWSW
UT,O&G Nomination (EOI),Unable to Process: Surface Owner Information,1/22/2020,"Prairie Hills Oil and Gas, L.L.C.",UT T0270S-R0200E SALT LAKE MER Section: 005, ALL SUBDIVISIONS
UT,O&G Nomination (EOI),Unable to Process: Surface Owner Information,1/22/2020,"Prairie Hills Oil and Gas, L.L.C.",UT T0270S-R0200E SALT LAKE MER Section: 008, NE
UT,O&G Nomination (EOI),Unavailable: Closed to Leasing,1/20/2020,"Prairie Hills Oil and Gas, L.L.C.",UT T0230S-R0190E SALT LAKE MER Section: 031, E2
UT,O&G Nomination (EOI),Unavailable: Closed to Leasing,1/20/2020,"Prairie Hills Oil and Gas, L.L.C.",UT T0240S-R0170E SALT LAKE MER Section: 003, ALL SUBDIVISIONS
UT,O&G Nomination (EOI),Unavailable: Closed to Leasing,1/20/2020,"Prairie Hills Oil and Gas, L.L.C.",UT T0240S-R0170E SALT LAKE MER Section: 004, ALL SUBDIVISIONS
UT,O&G Nomination (EOI),Unavailable: Closed to Leasing,1/20/2020,"Prairie Hills Oil and Gas, L.L.C.",UT T0240S-R0170E SALT LAKE MER Section: 005, ALL SUBDIVISIONS
UT,O&G Nomination (EOI),Unavailable: Closed to Leasing,1/20/2020,"Prairie Hills Oil and Gas, L.L.C.",UT T0240S-R0170E SALT LAKE MER Section: 007, ALL SUBDIVISIONS
UT,O&G Nomination (EOI),Unavailable: Closed to Leasing,1/20/2020,"Prairie Hills Oil and Gas, L.L.C.",UT T0240S-R0170E SALT LAKE MER Section: 008, ALL SUBDIVISIONS
UT,O&G Nomination (EOI),Unavailable: Closed to Leasing,1/20/2020,"Prairie Hills Oil and Gas, L.L.C.",UT T0240S-R0170E SALT LAKE MER Section: 009, ALL SUBDIVISIONS
UT,O&G Nomination (EOI),Unavailable: Closed to Leasing,1/20/2020,"Prairie Hills Oil and Gas, L.L.C.",UT T0240S-R0170E SALT LAKE MER Section: 010, ALL SUBDIVISIONS
UT,O&G Nomination (EOI),Unavailable: Closed to Leasing,1/20/2020,"Prairie Hills Oil and Gas, L.L.C.",UT T0240S-R0170E SALT LAKE MER Section: 011, ALL SUBDIVISIONS
UT,O&G Nomination (EOI),Unavailable: Closed to Leasing,1/20/2020,"Prairie Hills Oil and Gas, L.L.C.",UT T0240S-R0170E SALT LAKE MER Section: 012, SW
UT,O&G Nomination (EOI),Unavailable: Closed to Leasing,1/20/2020,"Prairie Hills Oil and Gas, L.L.C.",UT T0240S-R0170E SALT LAKE MER Section: 013, ALL SUBDIVISIONS
UT,O&G Nomination (EOI),Unavailable: Closed to Leasing,1/20/2020,"Prairie Hills Oil and Gas, L.L.C.",UT T0240S-R0170E SALT LAKE MER Section: 014, ALL SUBDIVISIONS
UT,O&G Nomination (EOI),Unavailable: Closed to Leasing,1/20/2020,"Prairie Hills Oil and Gas, L.L.C.",UT T0240S-R0170E SALT LAKE MER Section: 015, ALL SUBDIVISIONS
UT,O&G Nomination (EOI),Unavailable: Closed to Leasing,1/20/2020,"Prairie Hills Oil and Gas, L.L.C.",UT T0240S-R0170E SALT LAKE MER Section: 017, ALL SUBDIVISIONS
UT,O&G Nomination (EOI),Unavailable: Closed to Leasing,1/20/2020,"Prairie Hills Oil and Gas, L.L.C.",UT T0240S-R0170E SALT LAKE MER Section: 018," N2, N2SW, SE"
UT,O&G Nomination (EOI),Unavailable: Closed to Leasing,1/20/2020,"Prairie Hills Oil and Gas, L.L.C.",UT T0240S-R0170E SALT LAKE MER Section: 020, ALL SUBDIVISIONS
UT,O&G Nomination (EOI),Unavailable: Closed to Leasing,1/20/2020,"Prairie Hills Oil and Gas, L.L.C.",UT T0240S-R0170E SALT LAKE MER Section: 021, ALL SUBDIVISIONS
UT,O&G Nomination (EOI),Unavailable: Closed to Leasing,1/20/2020,"Prairie Hills Oil and Gas, L.L.C.",UT T0240S-R0170E SALT LAKE MER Section: 022, ALL SUBDIVISIONS
UT,O&G Nomination (EOI),Unavailable: Closed to Leasing,1/20/2020,"Prairie Hills Oil and Gas, L.L.C.",UT T0240S-R0170E SALT LAKE MER Section: 023, ALL SUBDIVISIONS
UT,O&G Nomination (EOI),Unavailable: Closed to Leasing,1/20/2020,"Prairie Hills Oil and Gas, L.L.C.",UT T0240S-R0170E SALT LAKE MER Section: 024, ALL SUBDIVISIONS
UT,O&G Nomination (EOI),Unavailable: Closed to Leasing,1/20/2020,"Prairie Hills Oil and Gas, L.L.C.",UT T0240S-R0170E SALT LAKE MER Section: 025, ALL SUBDIVISIONS
UT,O&G Nomination (EOI),Unavailable: Closed to Leasing,1/20/2020,"Prairie Hills Oil and Gas, L.L.C.",UT T0240S-R0170E SALT LAKE MER Section: 026, ALL SUBDIVISIONS
UT,O&G Nomination (EOI),Unavailable: Closed to Leasing,1/20/2020,"Prairie Hills Oil and Gas, L.L.C.",UT T0240S-R0170E SALT LAKE MER Section: 027, ALL SUBDIVISIONS
UT,O&G Nomination (EOI),Unavailable: Closed to Leasing,1/20/2020,"Prairie Hills Oil and Gas, L.L.C.",UT T0240S-R0170E SALT LAKE MER Section: 028, ALL SUBDIVISIONS
UT,O&G Nomination (EOI),Unavailable: Closed to Leasing,1/20/2020,"Prairie Hills Oil and Gas, L.L.C.",UT T0240S-R0170E SALT LAKE MER Section: 029, ALL SUBDIVISIONS
UT,O&G Nomination (EOI),Unavailable: Closed to Leasing,1/20/2020,"Prairie Hills Oil and Gas, L.L.C.",UT T0240S-R0170E SALT LAKE MER Section: 033, ALL SUBDIVISIONS
UT,O&G Nomination (EOI),Unavailable: Closed to Leasing,1/20/2020,"Prairie Hills Oil and Gas, L.L.C.",UT T0240S-R0170E SALT LAKE MER Section: 034, ALL SUBDIVISIONS
UT,O&G Nomination (EOI),Unavailable: Closed to Leasing,1/20/2020,"Prairie Hills Oil and Gas, L.L.C.",UT T0240S-R0170E SALT LAKE MER Section: 035, ALL SUBDIVISIONS
UT,O&G Nomination (EOI),Unavailable: Closed to Leasing,1/22/2020,"Prairie Hills Oil and Gas, L.L.C.",UT T0240S-R0180E SALT LAKE MER Section: 001, W2
UT,O&G Nomination (EOI),Unavailable: Closed to Leasing,1/22/2020,"Prairie Hills Oil and Gas, L.L.C.",UT T0240S-R0180E SALT LAKE MER Section: 010, E2
UT,O&G Nomination (EOI),Unavailable: Closed to Leasing,1/22/2020,"Prairie Hills Oil and Gas, L.L.C.",UT T0240S-R0180E SALT LAKE MER Section: 011, ALL SUBDIVISIONS
UT,O&G Nomination (EOI),Unavailable: Closed to Leasing,1/22/2020,"Prairie Hills Oil and Gas, L.L.C.",UT T0240S-R0180E SALT LAKE MER Section: 012, ALL SUBDIVISIONS
UT,O&G Nomination (EOI),Unavailable: Closed to Leasing,1/22/2020,"Prairie Hills Oil and Gas, L.L.C.",UT T0240S-R0180E SALT LAKE MER Section: 013, ALL SUBDIVISIONS
UT,O&G Nomination (EOI),Unavailable: Closed to Leasing,1/22/2020,"Prairie Hills Oil and Gas, L.L.C.",UT T0240S-R0180E SALT LAKE MER Section: 014, ALL SUBDIVISIONS
UT,O&G Nomination (EOI),Unavailable: Closed to Leasing,1/22/2020,"Prairie Hills Oil and Gas, L.L.C.",UT T0240S-R0180E SALT LAKE MER Section: 015, E2
UT,O&G Nomination (EOI),Unavailable: Closed to Leasing,1/22/2020,"Prairie Hills Oil and Gas, L.L.C.",UT T0240S-R0180E SALT LAKE MER Section: 018, SW
UT,O&G Nomination (EOI),Unavailable: Closed to Leasing,1/22/2020,"Prairie Hills Oil and Gas, L.L.C.",UT T0240S-R0180E SALT LAKE MER Section: 019, ALL SUBDIVISIONS
UT,O&G Nomination (EOI),Unavailable: Closed to Leasing,1/22/2020,"Prairie Hills Oil and Gas, L.L.C.",UT T0240S-R0180E SALT LAKE MER Section: 020, ALL SUBDIVISIONS
UT,O&G Nomination (EOI),Unavailable: Closed to Leasing,1/22/2020,"Prairie Hills Oil and Gas, L.L.C.",UT T0240S-R0180E SALT LAKE MER Section: 021, ALL SUBDIVISIONS
UT,O&G Nomination (EOI),Unavailable: Closed to Leasing,1/22/2020,"Prairie Hills Oil and Gas, L.L.C.",UT T0240S-R0180E SALT LAKE MER Section: 022, E2
UT,O&G Nomination (EOI),Unavailable: Closed to Leasing,1/22/2020,"Prairie Hills Oil and Gas, L.L.C.",UT T0240S-R0180E SALT LAKE MER Section: 023, ALL SUBDIVISIONS
UT,O&G Nomination (EOI),Unavailable: Closed to Leasing,1/22/2020,"Prairie Hills Oil and Gas, L.L.C.",UT T0240S-R0180E SALT LAKE MER Section: 024, ALL SUBDIVISIONS
UT,O&G Nomination (EOI),Unavailable: Closed to Leasing,1/22/2020,"Prairie Hills Oil and Gas, L.L.C.",UT T0240S-R0180E SALT LAKE MER Section: 025, ALL SUBDIVISIONS
UT,O&G Nomination (EOI),Unavailable: Closed to Leasing,1/22/2020,"Prairie Hills Oil and Gas, L.L.C.",UT T0240S-R0180E SALT LAKE MER Section: 026, ALL SUBDIVISIONS
UT,O&G Nomination (EOI),Unavailable: Closed to Leasing,1/22/2020,"Prairie Hills Oil and Gas, L.L.C.",UT T0240S-R0180E SALT LAKE MER Section: 027, ALL SUBDIVISIONS
UT,O&G Nomination (EOI),Unavailable: Closed to Leasing,1/22/2020,"Prairie Hills Oil and Gas, L.L.C.",UT T0240S-R0180E SALT LAKE MER Section: 028, ALL SUBDIVISIONS
UT,O&G Nomination (EOI),Unavailable: Closed to Leasing,1/22/2020,"Prairie Hills Oil and Gas, L.L.C.",UT T0240S-R0180E SALT LAKE MER Section: 029, ALL SUBDIVISIONS
UT,O&G Nomination (EOI),Unavailable: Closed to Leasing,1/22/2020,"Prairie Hills Oil and Gas, L.L.C.",UT T0240S-R0180E SALT LAKE MER Section: 030, ALL SUBDIVISIONS
UT,O&G Nomination (EOI),Unavailable: Closed to Leasing,1/22/2020,"Prairie Hills Oil and Gas, L.L.C.",UT T0240S-R0180E SALT LAKE MER Section: 031, ALL SUBDIVISIONS
UT,O&G Nomination (EOI),Unavailable: Closed to Leasing,1/22/2020,"Prairie Hills Oil and Gas, L.L.C.",UT T0240S-R0180E SALT LAKE MER Section: 033, ALL SUBDIVISIONS
UT,O&G Nomination (EOI),Unavailable: Closed to Leasing,1/22/2020,"Prairie Hills Oil and Gas, L.L.C.",UT T0240S-R0180E SALT LAKE MER Section: 034, N2
UT,O&G Nomination (EOI),Unavailable: Closed to Leasing,1/22/2020,"Prairie Hills Oil and Gas, L.L.C.",UT T0240S-R0180E SALT LAKE MER Section: 035, ALL SUBDIVISIONS
UT,O&G Nomination (EOI),Unavailable: Closed to Leasing,1/20/2020,"Prairie Hills Oil and Gas, L.L.C.",UT T0240S-R0190E SALT LAKE MER Section: 003, W2
UT,O&G Nomination (EOI),Unavailable: Closed to Leasing,1/20/2020,"Prairie Hills Oil and Gas, L.L.C.",UT T0240S-R0190E SALT LAKE MER Section: 004, ALL SUBDIVISIONS
UT,O&G Nomination (EOI),Unavailable: Closed to Leasing,1/20/2020,"Prairie Hills Oil and Gas, L.L.C.",UT T0240S-R0190E SALT LAKE MER Section: 005, ALL SUBDIVISIONS
UT,O&G Nomination (EOI),Unavailable: Closed to Leasing,1/20/2020,"Prairie Hills Oil and Gas, L.L.C.",UT T0240S-R0190E SALT LAKE MER Section: 006, ALL SUBDIVISIONS
UT,O&G Nomination (EOI),Unavailable: Closed to Leasing,1/20/2020,"Prairie Hills Oil and Gas, L.L.C.",UT T0240S-R0190E SALT LAKE MER Section: 007, ALL SUBDIVISIONS
UT,O&G Nomination (EOI),Unavailable: Closed to Leasing,1/20/2020,"Prairie Hills Oil and Gas, L.L.C.",UT T0240S-R0190E SALT LAKE MER Section: 008, ALL SUBDIVISIONS
UT,O&G Nomination (EOI),Unavailable: Closed to Leasing,1/20/2020,"Prairie Hills Oil and Gas, L.L.C.",UT T0240S-R0190E SALT LAKE MER Section: 009, ALL SUBDIVISIONS
UT,O&G Nomination (EOI),Unavailable: Closed to Leasing,1/20/2020,"Prairie Hills Oil and Gas, L.L.C.",UT T0240S-R0190E SALT LAKE MER Section: 010, W2
UT,O&G Nomination (EOI),Unavailable: Closed to Leasing,1/20/2020,"Prairie Hills Oil and Gas, L.L.C.",UT T0240S-R0190E SALT LAKE MER Section: 014, N2
UT,O&G Nomination (EOI),Unavailable: Closed to Leasing,1/20/2020,"Prairie Hills Oil and Gas, L.L.C.",UT T0240S-R0190E SALT LAKE MER Section: 014, S2
UT,O&G Nomination (EOI),Unavailable: Closed to Leasing,1/20/2020,"Prairie Hills Oil and Gas, L.L.C.",UT T0240S-R0190E SALT LAKE MER Section: 015, ALL SUBDIVISIONS
UT,O&G Nomination (EOI),Unavailable: Closed to Leasing,1/20/2020,"Prairie Hills Oil and Gas, L.L.C.",UT T0240S-R0190E SALT LAKE MER Section: 017, ALL SUBDIVISIONS
UT,O&G Nomination (EOI),Unavailable: Closed to Leasing,1/20/2020,"Prairie Hills Oil and Gas, L.L.C.",UT T0240S-R0190E SALT LAKE MER Section: 018, ALL SUBDIVISIONS
UT,O&G Nomination (EOI),Unavailable: Closed to Leasing,1/20/2020,"Prairie Hills Oil and Gas, L.L.C.",UT T0240S-R0190E SALT LAKE MER Section: 019, ALL SUBDIVISIONS
UT,O&G Nomination (EOI),Unavailable: Closed to Leasing,1/20/2020,"Prairie Hills Oil and Gas, L.L.C.",UT T0240S-R0190E SALT LAKE MER Section: 020, ALL SUBDIVISIONS
UT,O&G Nomination (EOI),Unavailable: Closed to Leasing,1/20/2020,"Prairie Hills Oil and Gas, L.L.C.",UT T0240S-R0190E SALT LAKE MER Section: 021, ALL SUBDIVISIONS
UT,O&G Nomination (EOI),Unavailable: Closed to Leasing,1/20/2020,"Prairie Hills Oil and Gas, L.L.C.",UT T0240S-R0190E SALT LAKE MER Section: 022, ALL SUBDIVISIONS
UT,O&G Nomination (EOI),Unavailable: Closed to Leasing,1/20/2020,"Prairie Hills Oil and Gas, L.L.C.",UT T0240S-R0190E SALT LAKE MER Section: 023, ALL SUBDIVISIONS
UT,O&G Nomination (EOI),Unavailable: Closed to Leasing,1/20/2020,"Prairie Hills Oil and Gas, L.L.C.",UT T0240S-R0190E SALT LAKE MER Section: 024, S2
UT,O&G Nomination (EOI),Unavailable: Closed to Leasing,1/20/2020,"Prairie Hills Oil and Gas, L.L.C.",UT T0240S-R0190E SALT LAKE MER Section: 025, ALL SUBDIVISIONS
UT,O&G Nomination (EOI),Unavailable: Closed to Leasing,1/20/2020,"Prairie Hills Oil and Gas, L.L.C.",UT T0240S-R0190E SALT LAKE MER Section: 028, ALL SUBDIVISIONS
UT,O&G Nomination (EOI),Unavailable: Closed to Leasing,1/20/2020,"Prairie Hills Oil and Gas, L.L.C.",UT T0240S-R0190E SALT LAKE MER Section: 029, ALL SUBDIVISIONS
UT,O&G Nomination (EOI),Unavailable: Closed to Leasing,1/20/2020,"Prairie Hills Oil and Gas, L.L.C.",UT T0240S-R0190E SALT LAKE MER Section: 030, ALL SUBDIVISIONS
UT,O&G Nomination (EOI),Unavailable: Closed to Leasing,1/20/2020,"Prairie Hills Oil and Gas, L.L.C.",UT T0240S-R0190E SALT LAKE MER Section: 031, ALL SUBDIVISIONS
UT,O&G Nomination (EOI),Unavailable: Closed to Leasing,1/20/2020,"Prairie Hills Oil and Gas, L.L.C.",UT T0240S-R0190E SALT LAKE MER Section: 033, ALL SUBDIVISIONS
UT,O&G Nomination (EOI),Unavailable: Closed to Leasing,1/20/2020,"Prairie Hills Oil and Gas, L.L.C.",UT T0240S-R0190E SALT LAKE MER Section: 034, ALL SUBDIVISIONS
UT,O&G Nomination (EOI),Unavailable: Closed to Leasing,1/20/2020,"Prairie Hills Oil and Gas, L.L.C.",UT T0240S-R0190E SALT LAKE MER Section: 035, ALL SUBDIVISIONS
UT,O&G Nomination (EOI),Unavailable: Closed to Leasing,1/22/2020,"Prairie Hills Oil and Gas, L.L.C.",UT T0250S-R0172E SALT LAKE MER Section: 001, ALL SUBDIVISIONS
UT,O&G Nomination (EOI),Unavailable: Closed to Leasing,1/22/2020,"Prairie Hills Oil and Gas, L.L.C.",UT T0250S-R0172E SALT LAKE MER Section: 003, 1-15
UT,O&G Nomination (EOI),Unavailable: Closed to Leasing,1/22/2020,"Prairie Hills Oil and Gas, L.L.C.",UT T0250S-R0172E SALT LAKE MER Section: 003, SE
UT,O&G Nomination (EOI),Unavailable: Closed to Leasing,1/22/2020,"Prairie Hills Oil and Gas, L.L.C.",UT T0250S-R0172E SALT LAKE MER Section: 004," 9-11, 14-16"
UT,O&G Nomination (EOI),Unavailable: Closed to Leasing,1/22/2020,"Prairie Hills Oil and Gas, L.L.C.",UT T0250S-R0172E SALT LAKE MER Section: 011, ALL SUBDIVISIONS
UT,O&G Nomination (EOI),Unavailable: Closed to Leasing,1/22/2020,"Prairie Hills Oil and Gas, L.L.C.",UT T0250S-R0172E SALT LAKE MER Section: 012, ALL SUBDIVISIONS
UT,O&G Nomination (EOI),Unavailable: Closed to Leasing,1/22/2020,"Prairie Hills Oil and Gas, L.L.C.",UT T0250S-R0172E SALT LAKE MER Section: 013," N2, N2SE, SESE"
UT,O&G Nomination (EOI),Unavailable: Closed to Leasing,1/21/2020,"Prairie Hills Oil and Gas, L.L.C.",UT T0250S-R0190E SALT LAKE MER Section: 001, ALL SUBDIVISIONS
UT,O&G Nomination (EOI),Unavailable: Closed to Leasing,1/21/2020,"Prairie Hills Oil and Gas, L.L.C.",UT T0250S-R0190E SALT LAKE MER Section: 003," 1-9, 11, 12"
UT,O&G Nomination (EOI),Unavailable: Closed to Leasing,1/21/2020,"Prairie Hills Oil and Gas, L.L.C.",UT T0250S-R0190E SALT LAKE MER Section: 003," SW, S2SE, NESE"
UT,O&G Nomination (EOI),Unavailable: Closed to Leasing,1/21/2020,"Prairie Hills Oil and Gas, L.L.C.",UT T0250S-R0190E SALT LAKE MER Section: 004, ALL SUBDIVISIONS
UT,O&G Nomination (EOI),Unavailable: Closed to Leasing,1/21/2020,"Prairie Hills Oil and Gas, L.L.C.",UT T0250S-R0190E SALT LAKE MER Section: 005, ALL SUBDIVISIONS
UT,O&G Nomination (EOI),Unavailable: Closed to Leasing,1/22/2020,"Prairie Hills Oil and Gas, L.L.C.",UT T0250S-R0200E SALT LAKE MER Section: 004,9
UT,O&G Nomination (EOI),Unavailable: Closed to Leasing,1/22/2020,"Prairie Hills Oil and Gas, L.L.C.",UT T0250S-R0200E SALT LAKE MER Section: 010," N2SENW, N2NESE, SENESE, NENWSE"
UT,O&G Nomination (EOI),Unavailable: Closed to Leasing,1/22/2020,"Prairie Hills Oil and Gas, L.L.C.",UT T0250S-R0200E SALT LAKE MER Section: 011," E2, N2SW, N2,SW, N2SWSW, SESWSW, SESW"
UT,O&G Nomination (EOI),Unavailable: Closed to Leasing,1/22/2020,"Prairie Hills Oil and Gas, L.L.C.",UT T0250S-R0200E SALT LAKE MER Section: 013, ALL SUBDIVISIONS
UT,O&G Nomination (EOI),Unavailable: Closed to Leasing,1/22/2020,"Prairie Hills Oil and Gas, L.L.C.",UT T0250S-R0200E SALT LAKE MER Section: 014," NE, N2NENW, SENENW, E2SE, N2NWSE, SENWSE, NESWSE"
UT,O&G Nomination (EOI),Unavailable: Closed to Leasing,1/22/2020,"Prairie Hills Oil and Gas, L.L.C.",UT T0250S-R0200E SALT LAKE MER Section: 024," N2NE, N2SWNE, SESWNE, SENE, N2NW, NESE, N2SESE, SESESE"
UT,O&G Nomination (EOI),Unavailable: Closed to Leasing,2/26/2020,"Milestone Consulting, Inc.",UT T0260S-R0070E SALT LAKE MER Section: 008, THE PORTION OF THE S2 THAT'S NORTH OF THE LOWER LAST CHANCE WILDERNESS AREA BOUNDARY
UT,O&G Nomination (EOI),Unavailable: Closed to Leasing,2/26/2020,"Milestone Consulting, Inc.",UT T0260S-R0070E SALT LAKE MER Section: 009," THE PORTION OF THE S2NW, NENW, AND NWSW NORTH OF THE LOWER LAST CHANCE WILDERNESS AREA BOUNDARY"
UT,O&G Nomination (EOI),Unavailable: Closed to Leasing,2/26/2020,"Milestone Consulting, Inc.",UT T0260S-R0070E SALT LAKE MER Section: 018," n2nene, senwne, nwswne, sesenw, nenesw, s2nesw, n2swsw, swswsw, THE PORTION NORTH OF THE LOWER LAST CHANCE WILDERNESS AREA BOUNDARY"
UT,O&G Nomination (EOI),Unavailable: Closed to Leasing,1/22/2020,Prairie Hills Oil and Gas L.L.C.,UT T0260S-R0180E SALT LAKE MER Section: 025, SWSWSW
UT,O&G Nomination (EOI),Unavailable: Closed to Leasing,1/22/2020,Prairie Hills Oil and Gas L.L.C.,UT T0260S-R0180E SALT LAKE MER Section: 026," S2NESW, SENWSW, S2SW, SWNESE, S2NWSE, S2SE"
UT,O&G Nomination (EOI),Unavailable: Closed to Leasing,1/22/2020,Prairie Hills Oil and Gas L.L.C.,UT T0260S-R0180E SALT LAKE MER Section: 027," NESESE, S2SESE"
UT,O&G Nomination (EOI),Unavailable: Closed to Leasing,1/22/2020,Prairie Hills Oil and Gas L.L.C.,UT T0260S-R0180E SALT LAKE MER Section: 034, ALL EXCEPTING NATL PK
UT,O&G Nomination (EOI),Unavailable: Closed to Leasing,1/22/2020,Prairie Hills Oil and Gas L.L.C.,UT T0260S-R0180E SALT LAKE MER Section: 035, ALL EXCEPTING NATL PK
UT,O&G Nomination (EOI),Unavailable: Closed to Leasing,1/22/2020,"Prairie Hills Oil and Gas, L.L.C.",UT T0260S-R0190E SALT LAKE MER Section: 031," S2SW, S2N2SE, S2SE"
UT,O&G Nomination (EOI),Unavailable: Closed to Leasing,1/22/2020,"Prairie Hills Oil and Gas, L.L.C.",UT T0270S-R0200E SALT LAKE MER Section: 003," 1, 3-8"
UT,O&G Nomination (EOI),Unavailable: Closed to Leasing,1/22/2020,"Prairie Hills Oil and Gas, L.L.C.",UT T0270S-R0200E SALT LAKE MER Section: 003," S2NE, S2NW, S2"
UT,O&G Nomination (EOI),Unavailable: Closed to Leasing,1/22/2020,"Prairie Hills Oil and Gas, L.L.C.",UT T0270S-R0200E SALT LAKE MER Section: 004," 1-3, 6-8"
UT,O&G Nomination (EOI),Unavailable: Closed to Leasing,1/22/2020,"Prairie Hills Oil and Gas, L.L.C.",UT T0270S-R0200E SALT LAKE MER Section: 004," S2NE, SENW, NESW, S2SW, SE"
UT,O&G Nomination (EOI),Unavailable: Closed to Leasing,1/22/2020,"Prairie Hills Oil and Gas, L.L.C.",UT T0270S-R0200E SALT LAKE MER Section: 006, ALL SUBDIVISIONS
UT,O&G Nomination (EOI),Unavailable: Closed to Leasing,1/22/2020,"Prairie Hills Oil and Gas, L.L.C.",UT T0270S-R0200E SALT LAKE MER Section: 007, ALL SUBDIVISIONS
UT,O&G Nomination (EOI),Unavailable: Closed to Leasing,1/22/2020,"Prairie Hills Oil and Gas, L.L.C.",UT T0270S-R0200E SALT LAKE MER Section: 008," W2, SE"
UT,O&G Nomination (EOI),Unavailable: Closed to Leasing,1/22/2020,"Prairie Hills Oil and Gas, L.L.C.",UT T0270S-R0200E SALT LAKE MER Section: 009, SW
UT,O&G Nomination (EOI),Unavailable: Closed to Leasing,1/22/2020,"Prairie Hills Oil and Gas, L.L.C.",UT T0270S-R0200E SALT LAKE MER Section: 010, SE
UT,O&G Nomination (EOI),Unavailable: Closed to Leasing,1/15/2020,Nominator,UT T0280S-R0210E SALT LAKE MER Section: 023, ALL SUBDIVISIONS
UT,O&G Nomination (EOI),Unavailable: Closed to Leasing,1/15/2020,Nominator,UT T0280S-R0210E SALT LAKE MER Section: 024," E2NE, NW, S2"
UT,O&G Nomination (EOI),Unavailable: Closed to Leasing,1/15/2020,Nominator,UT T0280S-R0210E SALT LAKE MER Section: 025, ALL SUBDIVISIONS
UT,O&G Nomination (EOI),Unavailable: Closed to Leasing,1/15/2020,Nominator,UT T0280S-R0210E SALT LAKE MER Section: 026, ALL SUBDIVISIONS
UT,O&G Nomination (EOI),Unavailable: Closed to Leasing,1/15/2020,Nominator,UT T0280S-R0210E SALT LAKE MER Section: 027, ALL SUBDIVISIONS
UT,O&G Nomination (EOI),Unavailable: Closed to Leasing,1/15/2020,Nominator,UT T0280S-R0210E SALT LAKE MER Section: 034, E2
UT,O&G Nomination (EOI),Unavailable: Closed to Leasing,1/15/2020,Nominator,UT T0280S-R0210E SALT LAKE MER Section: 035, ALL SUBDIVISIONS
UT,O&G Nomination (EOI),Unavailable: Closed to Leasing,1/15/2020,Nominator,UT T0280S-R0210E SALT LAKE MER Section: 036, N2NW
UT,O&G Nomination (EOI),Unavailable: Closed to Leasing,1/15/2020,Nominator,UT T0280S-R0220E SALT LAKE MER Section: 028, ALL SUBDIVISIONS
UT,O&G Nomination (EOI),Unavailable: Closed to Leasing,1/15/2020,Nominator,UT T0280S-R0220E SALT LAKE MER Section: 029, ALL SUBDIVISIONS
UT,O&G Nomination (EOI),Unavailable: Closed to Leasing,1/15/2020,Nominator,UT T0280S-R0220E SALT LAKE MER Section: 030, ALL SUBDIVISIONS
UT,O&G Nomination (EOI),Unavailable: Closed to Leasing,1/15/2020,Nominator,UT T0280S-R0220E SALT LAKE MER Section: 031, ALL SUBDIVISIONS
UT,O&G Nomination (EOI),Unavailable: Closed to Leasing,1/15/2020,Nominator,UT T0280S-R0220E SALT LAKE MER Section: 033, ALL SUBDIVISIONS
UT,O&G Nomination (EOI),Unavailable: Closed to Leasing,1/15/2020,Nominator,UT T0280S-R0220E SALT LAKE MER Section: 034, ALL SUBDIVISIONS
UT,O&G Nomination (EOI),Unavailable: Closed to Leasing,1/15/2020,Nominator,UT T0290S-R0220E SALT LAKE MER Section: 003, 1-4
UT,O&G Nomination (EOI),Unavailable: Closed to Leasing,1/15/2020,Nominator,UT T0290S-R0220E SALT LAKE MER Section: 003," S2NE, S2NW, SW, N2SE, SWSE"
UT,O&G Nomination (EOI),Unavailable: Closed to Leasing,1/15/2020,Nominator,UT T0290S-R0220E SALT LAKE MER Section: 005, ALL SUBDIVISIONS
UT,O&G Nomination (EOI),Unavailable: Closed to Leasing,1/15/2020,Nominator,UT T0290S-R0220E SALT LAKE MER Section: 010," N2NE, SENE, W2, NESE, S2SE"
UT,O&G Nomination (EOI),Unavailable: Closed to Leasing,1/15/2020,Nominator,UT T0290S-R0220E SALT LAKE MER Section: 011, ALL SUBDIVISIONS
UT,O&G Nomination (EOI),Unavailable: Closed to Leasing,1/15/2020,Nominator,UT T0290S-R0220E SALT LAKE MER Section: 014," W2W2NE, NW, NESW, S2SW, W2W2SE"
UT,O&G Nomination (EOI),Unavailable: Closed to Leasing,1/15/2020,Nominator,UT T0290S-R0220E SALT LAKE MER Section: 015, NENE
UT,O&G Nomination (EOI),Unavailable: Closed to Leasing,1/15/2020,Nominator,UT T0290S-R0220E SALT LAKE MER Section: 023," W2NWNE, W2SWNE, E2NW, NWSW, W2NWSE"
UT,O&G Nomination (EOI),Unavailable: Closed to Leasing,1/15/2020,Nominator,UT T0290S-R0220E SALT LAKE MER Section: 031, 3-4
UT,O&G Nomination (EOI),Unavailable: Closed to Leasing,1/15/2020,Nominator,UT T0290S-R0220E SALT LAKE MER Section: 031," E2SW, SWSE"
UT,O&G Nomination (EOI),Unavailable: No Federal Mineral Rights,2/28/2020,Nominator,UT T0250S-R0010W SALT LAKE MER Section: 035, SS4 located in NWSE
UT,O&G Nomination (EOI),Unavailable: Other - see comments,1/16/2020,"Robert L Bayless, Producer LLC",UT T0100S-R0170E SALT LAKE MER Section: 003, ALL SUBDIVISIONS
UT,O&G Nomination (EOI),Unavailable: Other - see comments,1/16/2020,"Robert L Bayless, Producer LLC",UT T0100S-R0170E SALT LAKE MER Section: 010, ALL SUBDIVISIONS
UT,O&G Nomination (EOI),Unavailable: Wilderness Study Area,3/2/2020,Nominator,UT T0260S-R0230E SALT LAKE MER Section: 021,6
UT,O&G Nomination (EOI),Unavailable: Wilderness Study Area,1/22/2020,"Prairie Hills Oil and Gas, L.L.C.",UT T0270S-R0220E SALT LAKE MER Section: 008," N2N2NE, NENENW"
UT,O&G Nomination (EOI),Withdrawn,1/20/2020,"Prairie Hills Oil and Gas, L.L.C.",UT T0240S-R0180W SALT LAKE MER Section: 001, ALL SUBDIVISIONS
UT,O&G Nomination (EOI),Withdrawn,1/20/2020,"Prairie Hills Oil and Gas, L.L.C.",UT T0240S-R0180W SALT LAKE MER Section: 003, ALL SUBDIVISIONS
UT,O&G Nomination (EOI),Withdrawn,1/20/2020,"Prairie Hills Oil and Gas, L.L.C.",UT T0240S-R0180W SALT LAKE MER Section: 004, ALL SUBDIVISIONS
UT,O&G Nomination (EOI),Withdrawn,1/20/2020,"Prairie Hills Oil and Gas, L.L.C.",UT T0240S-R0180W SALT LAKE MER Section: 005, ALL SUBDIVISIONS
UT,O&G Nomination (EOI),Withdrawn,1/20/2020,"Prairie Hills Oil and Gas, L.L.C.",UT T0240S-R0180W SALT LAKE MER Section: 006, ALL SUBDIVISIONS
UT,O&G Nomination (EOI),Withdrawn,1/20/2020,"Prairie Hills Oil and Gas, L.L.C.",UT T0240S-R0180W SALT LAKE MER Section: 007, ALL SUBDIVISIONS
UT,O&G Nomination (EOI),Withdrawn,1/20/2020,"Prairie Hills Oil and Gas, L.L.C.",UT T0240S-R0180W SALT LAKE MER Section: 008, ALL SUBDIVISIONS
UT,O&G Nomination (EOI),Withdrawn,1/20/2020,"Prairie Hills Oil and Gas, L.L.C.",UT T0240S-R0180W SALT LAKE MER Section: 009, ALL SUBDIVISIONS
UT,O&G Nomination (EOI),Withdrawn,1/20/2020,"Prairie Hills Oil and Gas, L.L.C.",UT T0240S-R0180W SALT LAKE MER Section: 010, ALL SUBDIVISIONS
UT,O&G Nomination (EOI),Withdrawn,1/20/2020,"Prairie Hills Oil and Gas, L.L.C.",UT T0240S-R0180W SALT LAKE MER Section: 011, ALL SUBDIVISIONS
UT,O&G Nomination (EOI),Withdrawn,1/20/2020,"Prairie Hills Oil and Gas, L.L.C.",UT T0240S-R0180W SALT LAKE MER Section: 012, ALL SUBDIVISIONS
UT,O&G Nomination (EOI),Withdrawn,1/20/2020,"Prairie Hills Oil and Gas, L.L.C.",UT T0240S-R0180W SALT LAKE MER Section: 013, ALL SUBDIVISIONS
UT,O&G Nomination (EOI),Withdrawn,1/20/2020,"Prairie Hills Oil and Gas, L.L.C.",UT T0240S-R0180W SALT LAKE MER Section: 014, ALL SUBDIVISIONS
UT,O&G Nomination (EOI),Withdrawn,1/20/2020,"Prairie Hills Oil and Gas, L.L.C.",UT T0240S-R0180W SALT LAKE MER Section: 015, ALL SUBDIVISIONS
UT,O&G Nomination (EOI),Withdrawn,1/20/2020,"Prairie Hills Oil and Gas, L.L.C.",UT T0240S-R0180W SALT LAKE MER Section: 017, ALL SUBDIVISIONS
UT,O&G Nomination (EOI),Withdrawn,1/20/2020,"Prairie Hills Oil and Gas, L.L.C.",UT T0240S-R0180W SALT LAKE MER Section: 018, ALL SUBDIVISIONS
UT,O&G Nomination (EOI),Withdrawn,1/20/2020,"Prairie Hills Oil and Gas, L.L.C.",UT T0240S-R0180W SALT LAKE MER Section: 019, ALL SUBDIVISIONS
UT,O&G Nomination (EOI),Withdrawn,1/20/2020,"Prairie Hills Oil and Gas, L.L.C.",UT T0240S-R0180W SALT LAKE MER Section: 020, ALL SUBDIVISIONS
UT,O&G Nomination (EOI),Withdrawn,1/20/2020,"Prairie Hills Oil and Gas, L.L.C.",UT T0240S-R0180W SALT LAKE MER Section: 021, ALL SUBDIVISIONS
UT,O&G Nomination (EOI),Withdrawn,1/20/2020,"Prairie Hills Oil and Gas, L.L.C.",UT T0240S-R0180W SALT LAKE MER Section: 022, ALL SUBDIVISIONS
UT,O&G Nomination (EOI),Withdrawn,1/20/2020,"Prairie Hills Oil and Gas, L.L.C.",UT T0240S-R0180W SALT LAKE MER Section: 023, ALL SUBDIVISIONS
UT,O&G Nomination (EOI),Withdrawn,1/20/2020,"Prairie Hills Oil and Gas, L.L.C.",UT T0240S-R0180W SALT LAKE MER Section: 024, ALL SUBDIVISIONS
UT,O&G Nomination (EOI),Withdrawn,1/20/2020,"Prairie Hills Oil and Gas, L.L.C.",UT T0240S-R0180W SALT LAKE MER Section: 025, ALL SUBDIVISIONS
UT,O&G Nomination (EOI),Withdrawn,1/20/2020,"Prairie Hills Oil and Gas, L.L.C.",UT T0240S-R0180W SALT LAKE MER Section: 026, ALL SUBDIVISIONS
UT,O&G Nomination (EOI),Withdrawn,1/20/2020,"Prairie Hills Oil and Gas, L.L.C.",UT T0240S-R0180W SALT LAKE MER Section: 027, ALL SUBDIVISIONS
UT,O&G Nomination (EOI),Withdrawn,1/20/2020,"Prairie Hills Oil and Gas, L.L.C.",UT T0240S-R0180W SALT LAKE MER Section: 028, ALL SUBDIVISIONS
UT,O&G Nomination (EOI),Withdrawn,1/20/2020,"Prairie Hills Oil and Gas, L.L.C.",UT T0240S-R0180W SALT LAKE MER Section: 029, ALL SUBDIVISIONS
UT,O&G Nomination (EOI),Withdrawn,1/20/2020,"Prairie Hills Oil and Gas, L.L.C.",UT T0240S-R0180W SALT LAKE MER Section: 030, ALL SUBDIVISIONS
UT,O&G Nomination (EOI),Withdrawn,1/20/2020,"Prairie Hills Oil and Gas, L.L.C.",UT T0240S-R0180W SALT LAKE MER Section: 031, ALL SUBDIVISIONS
UT,O&G Nomination (EOI),Withdrawn,1/20/2020,"Prairie Hills Oil and Gas, L.L.C.",UT T0240S-R0180W SALT LAKE MER Section: 033, ALL SUBDIVISIONS
UT,O&G Nomination (EOI),Withdrawn,1/20/2020,"Prairie Hills Oil and Gas, L.L.C.",UT T0240S-R0180W SALT LAKE MER Section: 034, ALL SUBDIVISIONS
UT,O&G Nomination (EOI),Withdrawn,1/20/2020,"Prairie Hills Oil and Gas, L.L.C.",UT T0240S-R0180W SALT LAKE MER Section: 035, ALL SUBDIVISIONS
UT,O&G Nomination (EOI),Withdrawn,1/20/2020,"Prairie Hills Oil and Gas, L.L.C.",UT T0250S-R0170E SALT LAKE MER Section: 001, ALL SUBDIVISIONS
UT,O&G Nomination (EOI),Withdrawn,1/20/2020,"Prairie Hills Oil and Gas, L.L.C.",UT T0250S-R0170E SALT LAKE MER Section: 003," N/2, SE/4, NE/4 SW/4"
UT,O&G Nomination (EOI),Withdrawn,1/20/2020,"Prairie Hills Oil and Gas, L.L.C.",UT T0250S-R0170E SALT LAKE MER Section: 003," N/2, SE/4, NE/4 SW/4"
UT,O&G Nomination (EOI),Withdrawn,1/20/2020,"Prairie Hills Oil and Gas, L.L.C.",UT T0250S-R0170E SALT LAKE MER Section: 004," E/2 NW/4, NE/4"
UT,O&G Nomination (EOI),Withdrawn,1/20/2020,"Prairie Hills Oil and Gas, L.L.C.",UT T0250S-R0170E SALT LAKE MER Section: 004," E/2 NW/4, NE/4"
UT,O&G Nomination (EOI),Withdrawn,1/20/2020,"Prairie Hills Oil and Gas, L.L.C.",UT T0250S-R17.50E SALT LAKE MER Section: 001, ALL SUBDIVISIONS
